ProductID,ProductName,Category,Price,Rating,NumReviews,StockQuantity,Discount,Sales,DateAdded,City,Stock In Vast or Limited Quantity,RevenueNet
1,Headphones,Electronics,400.31,1.7,3772,20,0.08,466,11/10/2023,Albuquerque,True,171620.9032
2,Headphones,Electronics,235.03,2.3,2919,663,0.33,1332,9/28/2023,Queens,True,209750.17319999996
3,Smartwatch,Electronics,417.9,1.8,1184,459,0.31,252,10/20/2023,Austin,True,72664.45199999999
4,Smartphone,Electronics,152.7,3.4,2047,475,0.49,1806,12/5/2023,Dallas,True,140645.862
5,Laptop,Electronics,394.74,1.8,1267,831,0.23,1508,8/10/2023,Tucson,True,458356.2984000001
6,Headphones,Electronics,93.56,1.3,2435,600,0.48,241,9/21/2023,Louisville,True,11724.9392
7,Laptop,Electronics,57.86,3.7,1478,427,0.25,1966,5/8/2024,Cleveland,True,85314.56999999999
8,Laptop,Electronics,201.62,1.7,3073,389,0.1,1795,8/7/2023,Houston,True,325717.11
9,Smartphone,Electronics,485.1,4.1,161,201,0.45,269,6/27/2023,Cape Coral,True,71770.545
10,Smartwatch,Electronics,170.0,3.3,1275,701,0.16,719,10/19/2023,Minneapolis,True,102673.19999999998
11,Laptop,Electronics,274.45,3.3,4859,187,0.27,1064,1/7/2024,Memphis,False,213170.80399999997
12,Headphones,Electronics,90.98,1.1,2568,343,0.2,647,4/10/2024,Mesa,False,47091.24800000001
13,Headphones,Electronics,107.43,3.8,4514,288,0.3,1513,10/25/2023,Palm Bay,False,113779.11299999998
14,Laptop,Electronics,66.78,4.5,4875,929,0.05,502,4/11/2024,Columbia,False,31847.381999999998
15,Smartwatch,Electronics,336.3,3.4,2773,986,0.28,1762,3/3/2024,Seattle,False,426643.632
16,Headphones,Electronics,359.49,4.0,502,766,0.13,794,11/18/2023,Hartford,False,248328.50220000002
17,Headphones,Electronics,64.34,2.8,863,742,0.24,1020,3/8/2024,Palm Bay,False,49876.368
18,Smartwatch,Electronics,454.71,2.0,1678,170,0.1,524,1/4/2024,Charlotte,False,214441.23599999998
19,Headphones,Electronics,151.98,1.6,2625,681,0.4,1976,1/30/2024,Charlotte,False,180187.48799999998
20,Smartwatch,Electronics,403.8,1.7,1981,330,0.16,1371,10/25/2023,Akron,False,465032.232
21,Laptop,Electronics,63.93,1.9,4029,632,0.41,1768,9/27/2023,San Francisco,False,66686.6616
22,Headphones,Electronics,90.68,3.1,4413,676,0.35,1257,12/23/2023,Austin,False,74090.09400000001
23,Smartwatch,Electronics,472.03,2.3,1495,232,0.2,1853,4/21/2024,Cincinnati,True,699737.272
24,Smartwatch,Electronics,133.37,3.0,1636,624,0.5,698,2/20/2024,Spokane,True,46546.130000000005
25,Laptop,Electronics,256.31,1.2,3474,637,0.07,1707,11/7/2023,New York,True,406894.68809999997
26,Smartwatch,Electronics,280.92,3.4,3510,202,0.18,400,10/1/2023,Indianapolis,True,92141.76000000001
27,Laptop,Electronics,190.21,3.5,197,981,0.27,751,1/20/2024,Virginia Beach,True,104278.8283
28,Smartphone,Electronics,83.85,3.0,2511,348,0.43,763,7/2/2023,Baltimore,True,36467.203499999996
29,Headphones,Electronics,406.66,2.4,1734,819,0.47,1959,2/5/2024,Providence,True,422222.87820000004
30,Headphones,Electronics,469.0,1.6,4061,297,0.13,1787,1/20/2024,Buffalo,False,729149.61
31,Laptop,Electronics,491.26,3.1,4976,1,0.5,253,1/24/2024,San Antonio,False,62144.39
32,Smartphone,Electronics,451.2,3.5,2056,232,0.17,815,11/17/2023,Bronx,False,305214.24
33,Headphones,Electronics,429.6,2.6,1696,919,0.43,1648,2/29/2024,Buffalo,False,403549.0560000001
34,Smartwatch,Electronics,294.54,2.5,98,152,0.0,1919,7/10/2023,Tulsa,False,565222.26
35,Laptop,Electronics,349.03,3.6,4067,160,0.01,397,9/9/2023,Toledo,True,137179.2609
36,Smartwatch,Electronics,375.78,3.6,1218,400,0.15,687,5/21/2024,Seattle,True,219436.73099999997
37,Laptop,Electronics,299.04,4.9,562,437,0.45,26,10/30/2023,Virginia Beach,True,4276.272000000001
38,Smartphone,Electronics,256.29,3.3,959,480,0.1,1852,8/13/2023,Charlotte,True,427184.1720000001
39,Headphones,Electronics,290.28,4.1,16,171,0.47,476,4/27/2024,New York,True,73231.8384
40,Smartphone,Electronics,442.91,4.0,1060,279,0.17,301,12/14/2023,Cleveland,True,110652.2053
41,Jacket,Clothing,482.17,4.4,190,252,0.19,1184,9/30/2023,Harrisburg,True,462420.31680000003
42,Jacket,Clothing,93.05,3.2,569,322,0.29,1815,2/19/2024,Portland,True,119908.8825
43,Sweater,Clothing,338.86,2.4,154,489,0.44,784,2/29/2024,Spokane,True,148773.0944
44,T-Shirt,Clothing,76.94,3.8,2806,537,0.41,920,5/30/2024,Ogden,False,41763.03200000001
45,Sweater,Clothing,260.56,3.0,4780,19,0.32,511,1/22/2024,San Juan,False,90539.38879999999
46,Sweater,Clothing,444.44,1.1,4929,799,0.29,853,4/22/2024,Grand Rapids,False,269166.1972
47,T-Shirt,Clothing,85.97,4.9,1715,681,0.41,1077,3/3/2024,Wichita,False,54627.917100000006
48,T-Shirt,Clothing,415.66,2.1,4,102,0.04,876,6/28/2023,Las Vegas,False,349553.43360000005
49,Jacket,Clothing,352.76,1.6,4364,369,0.26,1693,1/17/2024,St. Louis,False,441944.7832
50,T-Shirt,Clothing,205.42,2.7,1369,740,0.09,1853,9/7/2023,Memphis,False,346385.3666
51,Jacket,Clothing,351.03,2.6,1081,633,0.08,801,3/8/2024,Albany,False,258681.02759999997
52,Jeans,Clothing,56.0,1.7,4992,271,0.26,703,4/4/2024,Knoxville,False,29132.32
53,Jeans,Clothing,367.72,1.2,4249,655,0.08,1109,12/10/2023,San Francisco,False,375177.36160000006
54,T-Shirt,Clothing,66.88,1.2,2141,749,0.49,452,11/21/2023,Louisville,False,15417.177599999997
55,Sweater,Clothing,57.94,3.0,4646,611,0.09,1757,6/21/2023,Buffalo,False,92638.5278
56,Jacket,Clothing,33.55,4.8,2849,179,0.19,761,1/17/2024,Hartford,True,20680.5555
57,Jeans,Clothing,255.51,3.2,4611,15,0.04,1782,9/28/2023,San Diego,True,437106.0672
58,T-Shirt,Clothing,434.93,3.5,851,663,0.34,1698,5/10/2024,Minneapolis,True,487417.3523999999
59,T-Shirt,Clothing,407.49,4.3,3913,42,0.1,396,5/31/2024,Palm Bay,True,145229.43600000002
60,Jacket,Clothing,194.86,1.2,753,34,0.17,89,9/22/2023,San Jose,True,14394.3082
61,T-Shirt,Clothing,423.99,1.1,417,114,0.14,1219,8/3/2023,Toledo,True,444485.6766
62,T-Shirt,Clothing,180.68,4.7,728,276,0.48,675,6/21/2023,Dallas,True,63418.68000000001
63,T-Shirt,Clothing,288.57,3.3,1122,547,0.19,95,1/12/2024,Boise,True,22205.4615
64,Jacket,Clothing,466.07,4.4,3440,694,0.38,216,6/23/2023,Albuquerque,True,62416.094399999994
65,T-Shirt,Clothing,195.09,3.1,595,879,0.19,396,12/8/2023,Louisville,True,62577.06840000001
66,Jacket,Clothing,200.71,1.0,4171,264,0.16,717,11/2/2023,San Jose,True,120883.6188
67,Sweater,Clothing,246.44,3.0,143,884,0.05,395,5/18/2024,Kansas City,True,92476.61
68,Sweater,Clothing,339.53,4.0,3222,143,0.39,108,12/14/2023,San Francisco,False,22368.236399999998
69,Jeans,Clothing,487.38,5.0,4729,132,0.37,732,10/21/2023,Los Angeles,False,224760.16079999998
70,Jacket,Clothing,67.36,1.6,953,491,0.43,1253,6/5/2024,Staten Island,False,48109.185600000004
71,Jeans,Clothing,353.47,1.3,2993,794,0.35,1540,5/14/2024,Chicago,False,353823.47000000003
72,T-Shirt,Clothing,124.28,3.3,1388,832,0.44,1680,7/21/2023,Atlanta,False,116922.624
73,T-Shirt,Clothing,300.03,2.4,3486,786,0.39,1205,12/28/2023,Louisville,False,220537.05149999997
74,Jacket,Clothing,131.87,2.3,3522,172,0.01,1243,2/7/2024,Omaha,False,162275.2659
75,Jeans,Clothing,373.08,4.1,894,360,0.37,386,6/30/2023,Salt Lake City,False,90725.5944
76,Jeans,Clothing,206.11,2.9,823,928,0.11,133,4/15/2024,New Orleans,False,24397.240700000002
77,Sweater,Clothing,489.17,3.2,4910,148,0.02,1236,11/22/2023,Denver,False,592521.8376
78,Sweater,Clothing,46.16,3.2,3512,401,0.08,1328,5/29/2024,Pittsburgh,False,56396.4416
79,Jacket,Clothing,232.73,3.5,3330,655,0.37,970,5/31/2024,Palm Bay,False,142221.303
80,Jeans,Clothing,475.7,4.6,3019,407,0.31,1031,2/11/2024,Providence,True,338408.22299999994
81,Coffee Maker,Home & Kitchen,326.96,2.6,539,731,0.18,739,12/3/2023,Des Moines,True,198131.22079999998
82,Microwave,Home & Kitchen,352.1,3.1,2508,731,0.14,908,4/27/2024,Spokane,True,274947.84800000006
83,Microwave,Home & Kitchen,413.04,4.8,255,708,0.31,449,6/2/2024,Bronx,True,127963.9224
84,Coffee Maker,Home & Kitchen,439.56,3.2,1015,800,0.39,145,11/1/2023,Mesa,True,38879.082
85,Microwave,Home & Kitchen,83.7,3.4,4158,216,0.48,794,12/18/2023,Akron,True,34558.056000000004
86,Blender,Home & Kitchen,41.12,1.1,510,384,0.01,822,6/6/2024,Grand Rapids,True,33462.633599999994
87,Coffee Maker,Home & Kitchen,408.32,5.0,1460,22,0.38,676,11/23/2023,Madison,True,171135.0784
88,Toaster,Home & Kitchen,195.15,2.0,2048,50,0.14,1795,8/29/2023,Fort Worth,True,301253.055
89,Toaster,Home & Kitchen,185.5,1.5,249,673,0.24,770,8/11/2023,Grand Rapids,True,108554.59999999999
90,Coffee Maker,Home & Kitchen,410.03,4.9,3037,733,0.4,400,2/21/2024,Tulsa,False,98407.19999999998
91,Microwave,Home & Kitchen,24.1,4.0,3981,577,0.4,102,12/3/2023,Omaha,False,1474.92
92,Coffee Maker,Home & Kitchen,490.43,3.4,1358,858,0.05,1331,10/7/2023,San Francisco,False,620124.2135
93,Toaster,Home & Kitchen,230.95,4.6,4637,758,0.26,80,1/31/2024,Portland,False,13672.24
94,Blender,Home & Kitchen,82.07,4.7,2832,507,0.03,68,5/9/2024,El Paso,False,5413.337199999999
95,Toaster,Home & Kitchen,251.38,2.3,3818,42,0.12,1906,2/22/2024,Houston,False,421634.64639999997
96,Blender,Home & Kitchen,235.46,3.3,3445,911,0.32,359,12/11/2023,Houston,False,57480.4952
97,Blender,Home & Kitchen,449.43,2.9,4188,671,0.09,633,4/22/2024,Concord,False,258885.16290000002
98,Microwave,Home & Kitchen,412.68,2.4,4777,828,0.02,837,6/11/2024,Charlotte,False,338504.8968
99,Blender,Home & Kitchen,235.78,1.8,2593,944,0.25,1836,3/31/2024,Pittsburgh,False,324669.06
100,Toaster,Home & Kitchen,401.71,3.5,2286,55,0.44,830,4/25/2024,Los Angeles,False,186714.80800000002
101,Blender,Home & Kitchen,11.27,4.5,2055,624,0.3,1715,11/18/2023,Tucson,False,13529.634999999998
102,Microwave,Home & Kitchen,191.53,2.9,4569,27,0.18,1239,1/10/2024,Washington,True,194590.64940000002
103,Toaster,Home & Kitchen,82.39,1.5,1646,918,0.26,1774,9/12/2023,San Diego,True,108158.2964
104,Toaster,Home & Kitchen,183.53,2.6,4580,27,0.01,1976,9/13/2023,Tulsa,True,359028.7272
105,Microwave,Home & Kitchen,53.71,3.1,4632,144,0.17,24,4/5/2024,Boston,True,1069.9032
106,Toaster,Home & Kitchen,396.69,3.0,2158,227,0.27,33,2/22/2024,Madison,True,9556.262099999998
107,Coffee Maker,Home & Kitchen,297.4,3.3,2472,612,0.18,1305,7/28/2023,Detroit,True,318247.74
108,Toaster,Home & Kitchen,129.73,3.0,3812,376,0.12,661,9/9/2023,Oklahoma City,True,75461.3464
109,Toaster,Home & Kitchen,189.02,3.0,3421,842,0.04,349,3/9/2024,Fort Worth,False,63329.260800000004
110,Coffee Maker,Home & Kitchen,449.42,1.3,242,542,0.21,547,11/2/2023,New York,False,194207.8646
111,Toaster,Home & Kitchen,204.95,4.9,3,846,0.41,880,3/10/2024,Baltimore,False,106410.04000000001
112,Coffee Maker,Home & Kitchen,364.22,4.3,4289,846,0.27,1049,12/22/2023,Tucson,False,278908.74940000003
113,Coffee Maker,Home & Kitchen,110.49,4.9,1810,723,0.25,112,1/24/2024,Columbia,False,9281.16
114,Microwave,Home & Kitchen,356.54,4.1,1573,804,0.25,1534,6/22/2023,Albany,True,410199.27
115,Blender,Home & Kitchen,270.97,1.2,4785,9,0.27,1673,12/23/2023,Allentown,True,330932.9513
116,Toaster,Home & Kitchen,167.95,4.2,320,318,0.34,784,9/21/2023,Grand Rapids,True,86904.04799999998
117,Microwave,Home & Kitchen,241.85,3.4,3490,605,0.05,1604,7/30/2023,Phoenix,True,368531.02999999997
118,Coffee Maker,Home & Kitchen,482.86,1.5,375,458,0.47,587,5/8/2024,Albany,True,150222.57460000002
119,Blender,Home & Kitchen,373.15,3.3,3850,872,0.38,1851,8/31/2023,Madison,True,428234.403
120,Microwave,Home & Kitchen,90.49,4.3,77,409,0.45,600,10/19/2023,Orlando,True,29861.7
121,Biography,Books,202.3,4.3,1318,615,0.19,1714,2/8/2024,Denver,True,280861.18200000003
122,Biography,Books,274.49,2.8,992,664,0.18,1006,8/8/2023,Sacramento,True,226432.29080000002
123,Fantasy Book,Books,122.22,3.2,197,645,0.17,1202,5/1/2024,Port St. Lucie,False,121934.0052
124,Fantasy Book,Books,91.7,4.5,2035,477,0.45,419,1/7/2024,Pittsburgh,False,21132.265
125,Biography,Books,378.68,3.8,950,288,0.02,597,7/26/2023,Staten Island,False,221550.5208
126,Biography,Books,252.05,4.0,2853,908,0.06,227,11/9/2023,Chicago,False,53782.429
127,Fantasy Book,Books,204.67,4.2,3228,46,0.2,1708,2/3/2024,Charlotte,False,279661.088
128,Science Book,Books,324.16,3.8,793,810,0.3,1683,6/1/2024,Des Moines,False,381892.896
129,Biography,Books,455.14,3.3,4807,22,0.23,301,6/15/2023,San Francisco,False,105487.7978
130,Fantasy Book,Books,456.81,1.6,3281,984,0.13,1639,8/1/2023,Fort Worth,False,651379.0832999999
131,Science Book,Books,466.74,3.3,2935,804,0.35,1129,3/12/2024,Tulsa,False,342517.14900000003
132,Science Book,Books,307.29,2.7,3533,295,0.42,778,9/29/2023,Manhattan,False,138661.53960000005
133,Biography,Books,125.59,1.7,1205,982,0.46,1854,4/18/2024,St. Louis,False,125735.68440000001
134,Science Book,Books,299.72,2.6,1332,136,0.1,312,2/16/2024,Portland,False,84161.37600000002
135,Biography,Books,173.41,2.6,536,601,0.46,385,11/15/2023,Port St. Lucie,True,36051.939
136,Science Book,Books,371.38,2.8,954,875,0.46,1205,1/12/2024,Fresno,True,241656.96600000001
137,Novel,Books,254.2,2.7,4380,62,0.14,665,1/8/2024,Denton,True,145376.98
138,Biography,Books,335.13,1.7,3432,688,0.28,341,4/10/2024,Boise,True,82281.1176
139,Novel,Books,100.39,2.2,1759,140,0.2,434,11/14/2023,Chicago,True,34855.408
140,Biography,Books,110.52,1.8,4524,476,0.24,1447,5/24/2024,Charlotte,True,121541.0544
141,Biography,Books,154.08,3.9,3057,193,0.27,1136,2/19/2024,Bronx,True,127775.4624
142,Biography,Books,284.22,1.6,3335,924,0.04,1666,8/29/2023,Denver,True,454570.0992
143,Biography,Books,142.66,3.6,3451,992,0.01,1499,8/29/2023,Los Angeles,True,211708.86659999998
144,Biography,Books,434.83,2.6,4408,758,0.13,442,10/1/2023,Detroit,True,167209.5282
145,Novel,Books,301.57,2.4,3300,578,0.44,1627,9/22/2023,Louisville,True,274766.45840000006
146,Biography,Books,404.6,5.0,1311,119,0.4,1935,12/30/2023,New York,True,469740.6
147,Biography,Books,110.44,2.2,943,977,0.01,774,1/3/2024,Port St. Lucie,False,84625.7544
148,Science Book,Books,425.58,1.5,914,547,0.32,81,6/10/2024,Little Rock,False,23440.946399999997
149,Novel,Books,410.55,2.4,4841,385,0.18,1142,5/23/2024,Little Rock,False,384455.44200000004
150,Novel,Books,179.14,4.1,3577,853,0.39,592,11/23/2023,Jacksonville,False,64691.036799999994
151,Biography,Books,248.84,4.6,4223,735,0.21,1138,11/16/2023,Wichita,False,223712.1368
152,Biography,Books,373.43,3.8,1304,358,0.11,1301,10/21/2023,Orlando,False,432390.86270000006
153,Biography,Books,492.36,3.1,3180,609,0.14,74,7/22/2023,Los Angeles,False,31333.790399999998
154,Biography,Books,269.53,4.3,40,933,0.03,1700,1/11/2024,Port St. Lucie,False,444454.97
155,Biography,Books,416.57,1.8,341,980,0.13,1310,1/30/2024,Salt Lake City,False,474764.82899999997
156,Science Book,Books,302.73,3.4,454,905,0.46,921,12/5/2023,St. Louis,False,150559.73820000002
157,Biography,Books,216.8,2.4,1386,704,0.04,1315,9/4/2023,Baltimore,False,273688.32
158,Novel,Books,200.75,2.2,1136,186,0.15,1250,8/7/2023,Tucson,False,213296.875
159,Biography,Books,204.36,4.8,4501,68,0.24,1785,5/7/2024,Baltimore,False,277234.776
160,Science Book,Books,138.51,3.4,3920,957,0.48,481,11/24/2023,Provo,False,34644.1212
161,Board Game,Toys & Games,242.38,2.4,2343,16,0.21,60,2/29/2024,Queens,False,11488.812
162,Board Game,Toys & Games,235.24,1.3,3569,228,0.0,1458,3/2/2024,Milwaukee,False,342979.92000000004
163,Board Game,Toys & Games,60.52,2.3,4090,816,0.07,329,4/16/2024,Denver,False,18517.3044
164,Puzzle,Toys & Games,265.44,1.3,3663,215,0.38,660,3/23/2024,Cape Coral,False,108618.048
165,Puzzle,Toys & Games,364.81,3.5,3726,570,0.49,1900,5/17/2024,Tampa,False,353500.89
166,Puzzle,Toys & Games,31.64,3.4,400,918,0.28,1109,10/6/2023,Dayton,False,25263.907199999998
167,Puzzle,Toys & Games,26.63,3.8,4232,882,0.46,1521,8/2/2023,Atlanta,False,21872.284200000002
168,Puzzle,Toys & Games,399.72,4.0,2419,934,0.23,1466,3/1/2024,Mission Viejo,True,451211.9304
169,Action Figure,Toys & Games,328.58,2.5,2667,187,0.24,130,8/24/2023,Harrisburg,True,32463.703999999998
170,Puzzle,Toys & Games,176.54,3.9,4459,38,0.16,496,6/8/2024,Harrisburg,True,73553.6256
171,Action Figure,Toys & Games,334.21,4.0,4111,492,0.31,893,8/6/2023,Riverside,True,205930.17569999996
172,Puzzle,Toys & Games,436.35,1.1,4854,780,0.26,1439,3/8/2024,Boston,True,464651.661
173,Puzzle,Toys & Games,44.31,1.0,4124,957,0.04,317,10/11/2023,Milwaukee,True,13484.419199999998
174,Toy Car,Toys & Games,317.48,4.5,1262,376,0.38,920,6/19/2023,El Paso,True,181090.592
175,Toy Car,Toys & Games,371.42,2.0,2050,428,0.18,1693,7/24/2023,Mesa,True,515627.52920000005
176,Board Game,Toys & Games,124.47,1.2,704,948,0.49,584,8/12/2023,Baltimore,True,37072.1448
177,Action Figure,Toys & Games,343.03,1.9,2041,804,0.39,938,11/27/2023,Raleigh,True,196274.90539999996
178,Puzzle,Toys & Games,440.77,4.8,10,61,0.31,1176,11/26/2023,Nashville,False,357658.4087999999
179,Toy Car,Toys & Games,41.84,2.6,884,242,0.26,1353,2/26/2024,Tulsa,False,41891.0448
180,Board Game,Toys & Games,198.2,1.1,2553,258,0.41,1540,9/25/2023,Akron,False,180084.52
181,Board Game,Toys & Games,484.86,4.5,3170,19,0.5,1596,12/17/2023,Houston,False,386918.28
182,Board Game,Toys & Games,351.05,1.6,4255,738,0.11,1143,3/15/2024,New Orleans,False,357112.6335
183,Action Figure,Toys & Games,448.51,4.4,1290,616,0.2,634,5/14/2024,Albuquerque,False,227484.272
184,Action Figure,Toys & Games,31.74,4.4,4265,520,0.16,1560,9/25/2023,Miami,False,41592.096
185,Puzzle,Toys & Games,52.62,2.6,974,37,0.13,1924,12/19/2023,Miami,True,88079.56559999999
186,Board Game,Toys & Games,270.98,4.8,1711,972,0.45,972,3/23/2024,Jacksonville,True,144865.90800000002
187,Board Game,Toys & Games,252.62,2.9,2396,114,0.41,1591,5/3/2024,Buffalo,True,237131.86780000004
188,Board Game,Toys & Games,276.45,4.5,1312,261,0.26,335,12/27/2023,Boise,True,68531.95499999999
189,Toy Car,Toys & Games,426.79,4.5,1704,780,0.42,1368,12/14/2023,San Francisco,True,338632.25760000007
190,Board Game,Toys & Games,61.86,3.8,4795,6,0.44,556,8/3/2023,Charlotte,True,19260.729600000002
191,Action Figure,Toys & Games,24.33,4.3,2719,362,0.11,1574,3/22/2024,Virginia Beach,True,34082.9238
192,Toy Car,Toys & Games,282.53,4.0,1547,294,0.1,1548,4/27/2024,Providence,True,393620.796
193,Puzzle,Toys & Games,490.78,3.5,4795,447,0.27,674,7/22/2023,Ogden,True,241473.57559999998
194,Puzzle,Toys & Games,382.9,3.2,1247,993,0.17,571,7/13/2023,Allentown,True,181467.797
195,Board Game,Toys & Games,379.31,4.2,1887,483,0.03,730,12/3/2023,New Haven,True,268589.411
196,Action Figure,Toys & Games,387.78,3.8,885,704,0.03,1143,11/15/2023,Albany,True,429935.5638
197,Board Game,Toys & Games,495.17,3.7,4811,675,0.32,947,6/5/2024,Detroit,True,318869.6732
198,Action Figure,Toys & Games,20.84,2.3,3999,946,0.13,1561,10/30/2023,Albany,False,28302.1788
199,Action Figure,Toys & Games,472.71,1.4,38,270,0.4,156,3/29/2024,Albuquerque,False,44245.655999999995
200,Toy Car,Toys & Games,421.57,4.1,3155,21,0.07,1730,7/11/2023,Cincinnati,False,678263.973
201,Fish Oil,Vitamins and supplements,84.02,2.7,4116,302,0.21,1978,3/20/2024,Spokane,False,131291.33239999998
202,Fish Oil,Vitamins and supplements,382.45,2.8,4665,891,0.36,1185,1/1/2024,El Paso,False,290050.08
203,Protein Powder,Vitamins and supplements,435.38,3.9,1809,270,0.24,1562,4/1/2024,Columbus,False,516848.3056
204,Protein Powder,Vitamins and supplements,100.91,4.5,3380,519,0.39,1709,4/23/2024,New York,False,105197.66589999999
205,Protein Powder,Vitamins and supplements,18.75,4.2,692,535,0.46,898,4/27/2024,Cleveland,True,9092.25
206,Vitamin D,Vitamins and supplements,245.95,1.5,3344,893,0.34,1763,6/3/2024,McAllen,True,286182.50099999993
207,Fish Oil,Vitamins and supplements,120.51,1.6,116,385,0.4,394,4/9/2024,Knoxville,True,28488.564
208,Multivitamin,Vitamins and supplements,83.29,2.9,2013,319,0.2,1518,3/9/2024,Spokane,True,101147.376
209,Fish Oil,Vitamins and supplements,152.91,3.8,2043,101,0.45,778,11/11/2023,Columbus,True,65430.189000000006
210,Vitamin D,Vitamins and supplements,61.42,2.0,2936,45,0.07,591,8/7/2023,San Diego,True,33758.2746
211,Fish Oil,Vitamins and supplements,113.07,2.4,935,927,0.47,1888,6/10/2024,Charleston,True,113142.36480000001
212,Multivitamin,Vitamins and supplements,53.05,2.4,917,102,0.07,870,3/14/2024,Milwaukee,True,42922.755
213,Fish Oil,Vitamins and supplements,349.67,4.3,105,886,0.34,1895,7/31/2023,San Francisco,True,437332.269
214,Vitamin D,Vitamins and supplements,449.15,3.4,3144,358,0.31,552,11/21/2023,Detroit,True,171072.25199999998
215,Protein Powder,Vitamins and supplements,474.2,3.5,1107,317,0.31,382,6/5/2024,Wichita,True,124989.636
216,Vitamin D,Vitamins and supplements,448.46,3.2,3385,21,0.23,514,2/6/2024,New Haven,True,177491.49879999997
217,Multivitamin,Vitamins and supplements,90.36,2.8,2134,523,0.08,1324,10/13/2023,McAllen,True,110065.70880000001
218,Fish Oil,Vitamins and supplements,171.22,2.9,4780,903,0.44,308,12/12/2023,Sacramento,True,29532.0256
219,Protein Powder,Vitamins and supplements,254.12,3.2,661,548,0.5,872,4/14/2024,Charleston,True,110796.32
220,Vitamin D,Vitamins and supplements,49.95,2.6,4540,92,0.21,1230,6/25/2023,Spokane,True,48536.415
221,Vitamin D,Vitamins and supplements,236.69,4.5,158,953,0.37,403,8/24/2023,Akron,False,60093.2241
222,Protein Powder,Vitamins and supplements,370.32,4.1,955,151,0.27,946,3/8/2024,Atlanta,False,255735.5856
223,Multivitamin,Vitamins and supplements,224.92,3.9,3811,577,0.3,931,9/24/2023,Queens,False,146580.364
224,Vitamin D,Vitamins and supplements,145.65,3.4,1269,636,0.11,1260,5/25/2024,Denver,False,163331.91
225,Protein Powder,Vitamins and supplements,419.64,1.9,4889,519,0.2,477,3/17/2024,Baltimore,False,160134.62399999998
226,Fish Oil,Vitamins and supplements,126.4,4.9,374,292,0.43,1004,5/2/2024,Columbus,False,72336.19200000001
227,Fish Oil,Vitamins and supplements,57.72,2.6,13,503,0.29,1107,2/3/2024,New York,False,45366.18839999999
228,Vitamin D,Vitamins and supplements,90.13,2.6,2040,27,0.13,1252,9/25/2023,Jacksonville,False,98173.2012
229,Vitamin D,Vitamins and supplements,298.32,3.4,4396,918,0.23,1418,6/2/2024,Birmingham,False,325723.6752
230,Vitamin D,Vitamins and supplements,226.59,2.3,2891,861,0.07,132,9/10/2023,McAllen,False,27816.188399999995
231,Protein Powder,Vitamins and supplements,312.4,3.8,575,885,0.08,1144,2/26/2024,St. Louis,False,328794.75200000004
232,Multivitamin,Vitamins and supplements,184.8,3.1,2352,496,0.35,1847,1/8/2024,Staten Island,False,221861.64
233,Vitamin D,Vitamins and supplements,435.45,1.8,956,915,0.13,1665,8/24/2023,Hartford,True,630771.0975
234,Protein Powder,Vitamins and supplements,35.33,3.6,1058,197,0.09,1082,7/23/2023,Spokane,True,34786.6246
235,Multivitamin,Vitamins and supplements,258.55,1.2,4585,275,0.49,1239,10/5/2023,Dayton,True,163375.1595
236,Vitamin D,Vitamins and supplements,18.52,2.3,3868,184,0.29,1207,12/17/2023,Orlando,True,15871.084399999998
237,Vitamin D,Vitamins and supplements,336.76,1.6,4403,335,0.47,891,6/4/2024,McAllen,True,159028.1748
238,Fish Oil,Vitamins and supplements,102.29,3.9,4612,494,0.09,1825,12/2/2023,Hartford,True,169878.11750000002
239,Vitamin D,Vitamins and supplements,489.53,2.5,3485,113,0.12,1561,1/28/2024,Columbia,True,672457.5704
240,Vitamin D,Vitamins and supplements,289.6,1.1,1863,344,0.34,800,6/11/2024,Grand Rapids,False,152908.8
241,Sunscreen,Skin care,471.03,4.3,1327,68,0.29,1981,11/5/2023,Palm Bay,False,662508.4053
242,Cleanser,Skin care,499.71,1.2,3232,680,0.5,780,3/31/2024,Chicago,False,194886.9
243,Moisturizer,Skin care,287.84,4.0,1347,609,0.2,493,2/1/2024,McAllen,False,113524.09599999999
244,Cleanser,Skin care,224.7,4.6,1000,278,0.22,1354,2/4/2024,Palm Bay,False,237310.164
245,Toner,Skin care,155.47,3.6,2772,654,0.32,710,1/21/2024,Portland,True,75060.91599999998
246,Moisturizer,Skin care,196.41,3.2,1440,304,0.27,290,3/2/2024,Cleveland,True,41579.997
247,Cleanser,Skin care,297.66,1.7,2889,961,0.23,1026,3/19/2024,New York,True,235157.3532
248,Cleanser,Skin care,476.22,4.4,1947,628,0.41,664,5/31/2024,Bronx,True,186563.94720000005
249,Moisturizer,Skin care,205.42,3.3,3371,739,0.3,943,7/5/2023,Provo,True,135597.74199999997
250,Cleanser,Skin care,375.97,3.9,1004,20,0.1,1014,7/12/2023,Colorado Springs,True,343110.22200000007
251,Sunscreen,Skin care,44.93,4.8,714,50,0.03,788,1/23/2024,Omaha,True,34342.6948
252,Cleanser,Skin care,105.33,1.7,963,372,0.14,1562,1/7/2024,Miami,True,141491.8956
253,Sunscreen,Skin care,270.81,3.3,105,419,0.36,1,3/27/2024,Sacramento,True,173.3184
254,Toner,Skin care,413.36,3.1,1286,350,0.43,1062,1/5/2024,Cleveland,False,250223.34240000005
255,Sunscreen,Skin care,154.69,4.2,444,297,0.46,1107,9/23/2023,San Juan,False,92470.5882
256,Cleanser,Skin care,279.61,1.2,2938,140,0.3,1141,9/9/2023,Orlando,False,223324.507
257,Cleanser,Skin care,300.83,4.2,9,983,0.21,1660,12/25/2023,Denton,False,394508.462
258,Toner,Skin care,387.27,3.2,4954,292,0.15,663,5/24/2024,Spokane,False,218246.00849999997
259,Toner,Skin care,217.63,3.7,145,914,0.31,992,10/14/2023,Mesa,False,148963.38239999997
260,Moisturizer,Skin care,92.33,3.9,1249,672,0.11,661,8/24/2023,Oklahoma City,False,54316.8157
261,Sunscreen,Skin care,122.82,1.8,1546,649,0.13,1100,10/2/2023,Portland,False,117538.73999999999
262,Moisturizer,Skin care,494.01,1.5,3729,834,0.22,636,12/28/2023,Minneapolis,False,245068.48080000002
263,Moisturizer,Skin care,349.29,5.0,4795,301,0.05,1241,3/2/2024,Austin,False,411795.4455
264,Cleanser,Skin care,453.71,4.1,4131,743,0.32,1699,3/31/2024,Phoenix,False,524180.2371999999
265,Toner,Skin care,189.81,2.4,3046,707,0.22,827,2/3/2024,Bakersfield,False,122438.83860000002
266,Toner,Skin care,402.17,1.9,2823,229,0.3,66,8/17/2023,Riverside,True,18580.254
267,Moisturizer,Skin care,233.86,1.8,2774,171,0.33,1232,8/26/2023,Reno,True,193037.39839999998
268,Cleanser,Skin care,228.71,2.3,661,811,0.04,452,7/15/2023,Omaha,True,99241.8432
269,Moisturizer,Skin care,348.1,1.8,207,617,0.05,632,4/18/2024,Orlando,True,208999.24
270,Toner,Skin care,10.61,2.2,3719,979,0.24,1565,10/19/2023,Albany,True,12619.534
271,Sunscreen,Skin care,205.66,1.6,1540,979,0.46,363,7/27/2023,Sacramento,True,40313.4732
272,Moisturizer,Skin care,339.06,1.4,4551,742,0.43,1012,9/14/2023,Cleveland,True,195583.3704
273,Toner,Skin care,393.19,3.8,3725,803,0.15,113,10/19/2023,Tampa,True,37765.8995
274,Cleanser,Skin care,196.65,2.4,2496,842,0.41,1725,1/10/2024,Raleigh,True,200140.53750000003
275,Toner,Skin care,437.93,1.6,405,938,0.29,1339,3/3/2024,Mesa,True,416335.6717
276,Toner,Skin care,112.17,4.7,4137,677,0.41,1826,1/6/2024,Dallas,True,120845.22780000004
277,Toner,Skin care,270.92,3.9,3138,847,0.11,1549,3/31/2024,Miami,True,373493.0212
278,Sunscreen,Skin care,207.46,1.7,4225,930,0.17,1811,9/30/2023,Richmond,False,311839.3498
279,Cleanser,Skin care,413.02,1.5,4259,94,0.24,1133,7/12/2023,Milwaukee,False,355643.26159999997
280,Cleanser,Skin care,416.37,2.3,2530,936,0.41,1676,2/16/2024,Sacramento,False,411723.31080000004
281,Mascara,Makeup,43.4,1.1,536,78,0.48,1979,5/31/2024,Akron,False,44662.072
282,Blush,Makeup,69.8,3.4,542,845,0.44,988,8/1/2023,Columbus,False,38618.944
283,Lipstick,Makeup,324.0,1.9,4349,129,0.33,466,8/30/2023,Palm Bay,False,101159.28
284,Lipstick,Makeup,286.58,1.8,4737,381,0.5,1276,4/17/2024,Albany,False,182838.03999999998
285,Lipstick,Makeup,492.0,2.0,4244,328,0.39,1517,9/23/2023,Akron,False,455282.04
286,Blush,Makeup,348.89,3.5,1638,551,0.41,1382,8/9/2023,Atlanta,False,284477.9282
287,Foundation,Makeup,315.71,3.1,3302,689,0.07,1651,12/4/2023,Oklahoma City,False,484750.6052999999
288,Mascara,Makeup,330.5,2.4,2139,981,0.41,1764,3/18/2024,Detroit,False,343971.18000000005
289,Foundation,Makeup,15.41,2.7,2293,741,0.13,649,8/3/2023,New York,False,8700.9483
290,Blush,Makeup,272.3,1.9,2009,241,0.31,1716,7/10/2023,Madison,True,322414.092
291,Foundation,Makeup,480.19,3.0,3042,496,0.27,702,8/9/2023,Providence,True,246078.1674
292,Blush,Makeup,58.06,3.0,545,563,0.12,593,10/24/2023,Jacksonville,True,30298.030400000003
293,Lipstick,Makeup,194.19,2.6,3493,553,0.39,396,2/20/2024,Columbia,True,46908.5364
294,Foundation,Makeup,60.05,3.6,424,128,0.4,1583,5/14/2024,Milwaukee,True,57035.48999999999
295,Foundation,Makeup,422.03,1.2,2279,788,0.41,758,8/27/2023,Richmond,True,188740.2566
296,Blush,Makeup,448.61,3.5,78,912,0.03,855,12/22/2023,Des Moines,True,372054.7035
297,Lipstick,Makeup,61.79,5.0,2148,7,0.02,1528,3/17/2024,Queens,True,92526.81760000001
298,Lipstick,Makeup,332.93,4.2,2711,16,0.48,276,10/24/2023,Birmingham,True,47782.113600000004
299,Mascara,Makeup,236.35,5.0,4531,398,0.47,498,5/15/2024,Austin,True,62382.219000000005
300,Lipstick,Makeup,95.31,1.4,2037,351,0.03,137,5/5/2024,Bakersfield,False,12665.7459
301,Lipstick,Makeup,50.26,4.9,1246,647,0.38,920,7/19/2023,Mesa,False,28668.303999999996
302,Mascara,Makeup,337.0,1.0,1827,381,0.13,1640,12/26/2023,McAllen,False,480831.6
303,Foundation,Makeup,269.85,1.2,369,777,0.4,651,7/1/2023,Palm Bay,False,105403.41
304,Blush,Makeup,65.84,2.9,3983,287,0.31,1249,6/1/2024,Cleveland,False,56741.570400000004
305,Mascara,Makeup,175.75,4.7,2230,968,0.19,1850,7/14/2023,Raleigh,False,263361.37500000006
306,Blush,Makeup,200.44,1.7,4083,413,0.46,1195,8/29/2023,San Diego,False,129343.932
307,Lipstick,Makeup,444.59,3.6,4066,121,0.41,1654,5/4/2024,Mission Viejo,False,433857.5974
308,Foundation,Makeup,136.63,3.2,2196,396,0.11,1661,8/15/2023,Detroit,False,201978.7627
309,Blush,Makeup,283.33,1.7,1759,202,0.16,661,10/21/2023,Providence,False,157316.14919999999
310,Foundation,Makeup,469.32,1.2,3537,769,0.07,462,9/3/2023,Madison,False,201648.03119999997
311,Mascara,Makeup,114.62,3.0,4183,43,0.37,1706,12/6/2023,Hartford,False,123191.2836
312,Foundation,Makeup,259.1,2.2,2066,22,0.34,1830,2/25/2024,Tucson,True,312940.98
313,Lipstick,Makeup,439.8,2.7,361,185,0.0,128,6/14/2023,Mesa,True,56294.4
314,Foundation,Makeup,441.91,2.1,1855,873,0.33,472,6/2/2024,Manhattan,True,139749.6184
315,Foundation,Makeup,369.2,3.5,922,65,0.18,1036,3/18/2024,San Francisco,True,313642.78400000004
316,Mascara,Makeup,382.89,1.1,2256,973,0.1,1441,5/23/2024,Phoenix,True,496570.041
317,Lipstick,Makeup,380.57,4.4,3895,210,0.5,131,2/22/2024,Hartford,True,24927.335
318,Foundation,Makeup,325.25,4.1,1013,226,0.07,1765,8/7/2023,Mesa,True,533881.6124999999
319,Blush,Makeup,97.4,1.1,4283,56,0.19,272,2/14/2024,Salt Lake City,False,21459.168
320,Lipstick,Makeup,245.68,3.6,4431,697,0.28,899,10/2/2023,Hartford,False,159023.7504
321,Denim Jacket,Coats and jackets,341.47,4.2,3259,59,0.16,1342,11/14/2023,Palm Bay,False,384932.30160000006
322,Rain Jacket,Coats and jackets,350.75,4.0,2974,867,0.26,431,12/22/2023,Chicago,False,111868.205
323,Denim Jacket,Coats and jackets,69.96,3.9,2528,145,0.19,1136,10/5/2023,Provo,False,64374.3936
324,Denim Jacket,Coats and jackets,370.47,5.0,1019,117,0.32,400,11/27/2023,McAllen,True,100767.84
325,Denim Jacket,Coats and jackets,253.12,1.7,398,709,0.5,123,3/29/2024,Concord,True,15566.880000000001
326,Leather Jacket,Coats and jackets,290.22,3.4,499,572,0.49,1794,2/26/2024,San Juan,True,265533.88680000004
327,Winter Coat,Coats and jackets,297.05,3.3,2757,848,0.46,562,10/11/2023,Hartford,True,90148.73400000001
328,Leather Jacket,Coats and jackets,137.06,2.7,4676,348,0.23,48,3/30/2024,Cape Coral,True,5065.7376
329,Denim Jacket,Coats and jackets,246.65,1.5,3331,637,0.36,1009,2/4/2024,Indianapolis,True,159276.704
330,Denim Jacket,Coats and jackets,367.46,4.1,685,827,0.07,1592,5/12/2024,Boise,True,544046.5775999998
331,Denim Jacket,Coats and jackets,331.91,4.8,1431,875,0.02,1365,11/5/2023,Des Moines,True,443996.00700000004
332,Leather Jacket,Coats and jackets,131.02,4.6,631,905,0.14,1205,2/27/2024,Concord,True,135776.026
333,Winter Coat,Coats and jackets,390.59,1.3,1719,618,0.03,249,6/15/2023,Rochester,False,94339.20269999998
334,Winter Coat,Coats and jackets,179.5,2.3,3141,638,0.12,671,10/8/2023,Charlotte,False,105991.16
335,Leather Jacket,Coats and jackets,482.06,3.2,1449,665,0.21,895,1/22/2024,Des Moines,False,340840.523
336,Winter Coat,Coats and jackets,252.3,4.9,3652,130,0.36,1956,8/12/2023,Akron,False,315839.232
337,Leather Jacket,Coats and jackets,161.26,4.8,1931,444,0.06,1201,2/16/2024,Harrisburg,False,182052.8644
338,Denim Jacket,Coats and jackets,214.82,1.4,597,288,0.26,1596,4/12/2024,Boise,False,253711.0128
339,Rain Jacket,Coats and jackets,207.95,3.2,3669,176,0.27,965,11/27/2023,Chicago,False,146490.37749999997
340,Rain Jacket,Coats and jackets,247.5,1.7,1537,21,0.42,1089,7/18/2023,Kansas City,False,156325.95
341,Rain Jacket,Coats and jackets,432.37,2.8,3750,85,0.15,1959,8/23/2023,Spokane,False,719960.9055
342,Denim Jacket,Coats and jackets,184.43,4.9,2290,830,0.25,31,9/9/2023,Bridgeport,False,4287.9974999999995
343,Denim Jacket,Coats and jackets,276.98,4.0,4979,213,0.01,743,11/12/2023,Springfield,False,203738.17860000004
344,Leather Jacket,Coats and jackets,441.0,4.5,3048,679,0.49,1049,4/7/2024,Atlanta,False,235930.59
345,Winter Coat,Coats and jackets,56.13,2.4,1067,96,0.2,226,9/24/2023,Virginia Beach,True,10148.304
346,Leather Jacket,Coats and jackets,331.82,4.3,4402,778,0.1,1609,6/4/2024,Rochester,True,480508.54199999996
347,Denim Jacket,Coats and jackets,184.77,4.0,484,596,0.16,904,4/26/2024,Oakland,True,140306.94720000002
348,Leather Jacket,Coats and jackets,458.39,3.1,4563,453,0.4,774,7/12/2023,New York,True,212876.316
349,Leather Jacket,Coats and jackets,187.92,4.6,1898,39,0.25,219,2/4/2024,Kansas City,True,30865.86
350,Leather Jacket,Coats and jackets,100.27,4.6,687,618,0.16,989,10/10/2023,Pittsburgh,True,83300.3052
351,Leather Jacket,Coats and jackets,442.38,4.2,3958,15,0.49,1132,5/22/2024,Las Vegas,True,255394.8216
352,Rain Jacket,Coats and jackets,320.99,1.7,1125,505,0.21,246,2/5/2024,Akron,True,62381.1966
353,Leather Jacket,Coats and jackets,346.56,1.4,2243,792,0.41,1689,1/31/2024,Little Rock,True,345350.5056000001
354,Leather Jacket,Coats and jackets,101.83,4.4,1395,485,0.27,210,4/13/2024,Spokane,True,15610.538999999999
355,Denim Jacket,Coats and jackets,494.15,4.6,1899,456,0.18,1249,2/2/2024,Tampa,True,506098.547
356,Denim Jacket,Coats and jackets,174.25,1.7,3348,155,0.41,189,1/1/2024,Dallas,True,19430.617500000004
357,Denim Jacket,Coats and jackets,453.63,4.0,4433,313,0.31,278,12/19/2023,Concord,False,87015.30659999998
358,Denim Jacket,Coats and jackets,182.66,4.4,1674,861,0.49,930,8/28/2023,Austin,False,86635.63799999999
359,Denim Jacket,Coats and jackets,372.25,1.4,4578,935,0.0,1070,11/24/2023,Bakersfield,False,398307.5
360,Denim Jacket,Coats and jackets,121.32,4.3,854,639,0.32,515,8/14/2023,Philadelphia,False,42486.263999999996
361,Road Bike,Bicycles,186.59,1.3,1336,628,0.2,1677,5/4/2024,Columbia,False,250329.14400000003
362,Mountain Bike,Bicycles,396.34,3.7,2257,114,0.45,1274,11/6/2023,Omaha,False,277715.43799999997
363,Hybrid Bike,Bicycles,92.85,2.6,2597,141,0.43,839,12/5/2023,New Orleans,False,44403.6555
364,Hybrid Bike,Bicycles,212.25,4.2,595,880,0.02,855,9/16/2023,Detroit,False,177844.275
365,Road Bike,Bicycles,483.46,1.5,4088,82,0.49,898,9/11/2023,Harrisburg,False,221415.0108
366,Mountain Bike,Bicycles,421.34,4.9,3789,62,0.28,1659,2/12/2024,El Paso,False,503282.20319999993
367,Electric Bike,Bicycles,321.19,2.8,1143,933,0.06,675,8/31/2023,Sacramento,False,203795.055
368,Mountain Bike,Bicycles,16.08,2.9,4916,738,0.11,333,11/3/2023,Charlotte,False,4765.6296
369,Mountain Bike,Bicycles,33.59,4.6,4008,631,0.09,694,5/27/2024,Allentown,False,21213.428600000003
370,Mountain Bike,Bicycles,420.69,2.1,2315,34,0.13,493,4/23/2024,Bonita Springs,False,180438.14789999998
371,Mountain Bike,Bicycles,265.51,1.3,1299,868,0.3,1952,11/24/2023,Oklahoma City,False,362792.86399999994
372,Mountain Bike,Bicycles,26.0,4.5,4577,727,0.48,1031,8/16/2023,Palm Bay,False,13939.119999999999
373,Hybrid Bike,Bicycles,220.91,2.3,3659,173,0.39,1896,1/17/2024,Oakland,False,255495.6696
374,Road Bike,Bicycles,90.76,1.7,1573,787,0.39,178,2/1/2024,Riverside,False,9854.720800000001
375,Hybrid Bike,Bicycles,261.06,1.4,578,853,0.13,1185,7/1/2023,Colorado Springs,False,269139.807
376,Hybrid Bike,Bicycles,492.08,2.1,4005,261,0.45,1745,4/12/2024,Rochester,False,472273.78
377,Electric Bike,Bicycles,306.0,4.6,3451,361,0.49,92,2/24/2024,San Francisco,False,14357.52
378,Mountain Bike,Bicycles,315.03,2.9,1455,748,0.24,1712,1/23/2024,Richmond,True,409891.8336
379,Mountain Bike,Bicycles,12.7,1.0,1213,135,0.02,891,6/25/2023,Albuquerque,True,11089.386
380,Road Bike,Bicycles,236.8,2.8,703,317,0.2,1845,10/23/2023,Harrisburg,True,349516.80000000005
381,Mountain Bike,Bicycles,410.17,2.1,855,788,0.17,1958,12/12/2023,San Francisco,True,666583.6738
382,Mountain Bike,Bicycles,24.54,3.7,1517,658,0.23,126,4/27/2024,Miami,True,2380.8708
383,Mountain Bike,Bicycles,203.34,2.7,3403,583,0.45,1132,9/18/2023,New Haven,True,126599.48400000003
384,Mountain Bike,Bicycles,161.59,4.3,987,249,0.36,1176,7/1/2023,Baltimore,True,121619.09760000001
385,Road Bike,Bicycles,35.06,2.0,726,688,0.3,849,1/18/2024,Richmond,True,20836.158000000003
386,Road Bike,Bicycles,335.99,4.2,419,593,0.05,1774,3/20/2024,Reno,True,566243.9469999999
387,Mountain Bike,Bicycles,44.79,1.3,2702,40,0.47,958,9/1/2023,Colorado Springs,True,22741.674600000002
388,Mountain Bike,Bicycles,326.76,4.6,1996,265,0.25,562,2/15/2024,Palm Bay,False,137729.34
389,Mountain Bike,Bicycles,310.16,4.5,3155,453,0.06,1537,3/11/2024,Oklahoma City,False,448112.9648
390,Road Bike,Bicycles,416.22,5.0,4008,267,0.15,1856,8/6/2023,Austin,False,656628.672
391,Mountain Bike,Bicycles,205.69,4.6,4669,48,0.11,920,9/7/2023,New Orleans,False,168418.972
392,Electric Bike,Bicycles,329.62,4.4,1130,657,0.2,1452,3/31/2024,New Orleans,False,382886.59200000006
393,Mountain Bike,Bicycles,432.25,3.4,3435,865,0.19,194,1/8/2024,Jacksonville,False,67923.765
394,Electric Bike,Bicycles,459.15,2.7,359,74,0.29,1848,2/15/2024,Richmond,False,602441.5319999999
395,Electric Bike,Bicycles,202.56,3.1,3361,439,0.08,6,11/29/2023,Las Vegas,True,1118.1312
396,Mountain Bike,Bicycles,446.15,2.4,3219,786,0.01,1467,2/7/2024,Brooklyn,True,647957.0295
397,Hybrid Bike,Bicycles,162.5,3.7,929,687,0.11,1227,7/27/2023,Boise,True,177454.875
398,Hybrid Bike,Bicycles,347.25,1.6,1399,343,0.25,74,4/28/2024,Birmingham,True,19272.375
399,Electric Bike,Bicycles,58.66,1.8,4458,447,0.21,1586,8/11/2023,Memphis,True,73497.4604
400,Road Bike,Bicycles,380.54,2.8,4637,937,0.45,124,5/6/2024,Cincinnati,True,25952.828
401,Sketchbook,Art and crafting materials,193.65,2.9,785,200,0.49,76,4/14/2024,El Paso,True,7505.874
402,Brushes,Art and crafting materials,84.28,1.1,3807,277,0.27,1188,8/12/2023,Baton Rouge,True,73090.9872
403,Paint Set,Art and crafting materials,275.44,4.0,2390,946,0.18,1377,2/24/2024,Baltimore,True,311010.3216
404,Brushes,Art and crafting materials,96.81,3.0,382,532,0.48,358,7/24/2023,Portland,True,18022.1496
405,Brushes,Art and crafting materials,90.97,3.3,1134,865,0.24,434,9/13/2023,Detroit,True,30005.544799999996
406,Brushes,Art and crafting materials,441.35,3.5,3735,761,0.23,998,7/7/2023,Las Vegas,True,339159.82100000005
407,Canvas,Art and crafting materials,29.34,2.9,2211,885,0.11,63,3/13/2024,Knoxville,True,1645.0938
408,Paint Set,Art and crafting materials,303.57,2.4,3630,139,0.02,1781,6/7/2024,Oklahoma City,False,529845.0066
409,Paint Set,Art and crafting materials,343.57,2.9,882,146,0.26,619,10/20/2023,Miami,False,157375.67419999998
410,Canvas,Art and crafting materials,433.14,3.4,1610,416,0.28,406,11/22/2023,Denver,False,126615.48479999999
411,Canvas,Art and crafting materials,251.24,3.3,3802,81,0.22,1710,10/17/2023,Queens,False,335103.912
412,Canvas,Art and crafting materials,405.23,2.9,2558,328,0.03,940,7/11/2023,New Haven,False,369488.71400000004
413,Paint Set,Art and crafting materials,425.01,4.6,2490,836,0.26,1517,12/6/2023,Houston,False,477107.72579999996
414,Brushes,Art and crafting materials,369.67,4.1,4117,348,0.02,1858,4/19/2024,Virginia Beach,False,673109.9228000001
415,Sketchbook,Art and crafting materials,75.87,2.2,1999,203,0.4,1687,5/8/2024,Chicago,True,76795.614
416,Canvas,Art and crafting materials,269.0,4.2,3234,18,0.1,793,2/20/2024,Staten Island,True,191985.3
417,Canvas,Art and crafting materials,154.36,1.1,1088,291,0.42,0,5/6/2024,San Diego,True,0.0
418,Paint Set,Art and crafting materials,379.18,4.1,200,126,0.44,546,12/1/2023,Long Beach,True,115938.07680000001
419,Brushes,Art and crafting materials,53.42,3.0,413,990,0.03,1378,4/1/2024,Oakland,True,71404.3772
420,Brushes,Art and crafting materials,319.72,3.3,2015,289,0.0,82,2/10/2024,Toledo,True,26217.04
421,Sketchbook,Art and crafting materials,156.79,1.3,2422,161,0.4,1679,6/20/2023,Charlotte,True,157950.24599999998
422,Canvas,Art and crafting materials,81.15,3.8,2158,926,0.12,294,11/10/2023,Albuquerque,True,20995.128
423,Sketchbook,Art and crafting materials,84.64,2.1,3701,732,0.29,1830,7/27/2023,Kansas City,True,109972.75200000001
424,Paint Set,Art and crafting materials,323.83,4.9,1556,402,0.18,1336,9/5/2023,Cincinnati,True,354762.24159999995
425,Sketchbook,Art and crafting materials,102.04,3.9,1589,563,0.32,1905,5/29/2024,Bonita Springs,True,132182.61599999998
426,Sketchbook,Art and crafting materials,359.84,4.3,2307,204,0.46,775,5/31/2024,San Jose,True,150593.04
427,Brushes,Art and crafting materials,87.73,4.5,4449,638,0.03,1739,4/24/2024,Cincinnati,True,147985.59590000001
428,Brushes,Art and crafting materials,60.35,1.8,1884,153,0.36,1749,8/23/2023,Phoenix,True,67553.376
429,Paint Set,Art and crafting materials,40.72,4.4,2437,324,0.47,1855,1/7/2024,Grand Rapids,True,40033.868
430,Canvas,Art and crafting materials,59.93,2.4,4232,922,0.43,1475,3/4/2024,Washington,True,50386.147500000014
431,Sketchbook,Art and crafting materials,447.02,2.7,2224,197,0.19,1995,12/16/2023,San Juan,False,722361.969
432,Paint Set,Art and crafting materials,66.85,1.2,1948,928,0.47,1752,2/13/2024,Baton Rouge,False,62074.236000000004
433,Brushes,Art and crafting materials,12.14,1.7,3988,234,0.33,928,5/19/2024,Harrisburg,False,7548.166399999999
434,Canvas,Art and crafting materials,73.5,3.7,4888,605,0.13,1875,11/14/2023,Charlotte,False,119896.875
435,Canvas,Art and crafting materials,499.74,1.4,2587,552,0.24,1519,1/18/2024,San Jose,False,576919.8456
436,Canvas,Art and crafting materials,190.67,2.5,891,454,0.38,209,10/27/2023,Grand Rapids,False,24707.018599999996
437,Paint Set,Art and crafting materials,213.74,3.9,4744,328,0.43,1845,3/4/2024,Raleigh,False,224779.67100000003
438,Paint Set,Art and crafting materials,379.47,1.1,3976,727,0.47,1827,9/12/2023,Virginia Beach,False,367444.59570000006
439,Brushes,Art and crafting materials,164.66,3.6,3220,539,0.36,1461,4/8/2024,Boise,False,153963.6864
440,Canvas,Art and crafting materials,51.82,1.2,1548,312,0.41,53,1/26/2024,Portland,False,1620.4114000000004
441,Coffee Mug,Drinkware,141.12,4.3,4653,524,0.19,1815,9/28/2023,Staten Island,False,207467.56800000003
442,Water Bottle,Drinkware,357.6,4.8,674,920,0.37,613,5/26/2024,Bakersfield,False,138101.544
443,Tea Cup,Drinkware,301.61,1.0,4266,408,0.48,1211,7/2/2023,Detroit,True,189929.84920000003
444,Water Bottle,Drinkware,383.53,2.8,2831,686,0.11,1627,12/9/2023,Mission Viejo,True,555362.9459
445,Tea Cup,Drinkware,71.52,1.1,2222,733,0.18,1444,1/30/2024,Allentown,True,84685.4016
446,Wine Glass,Drinkware,18.6,2.2,32,54,0.26,755,8/4/2023,Columbus,True,10391.820000000002
447,Water Bottle,Drinkware,289.62,3.3,4579,972,0.49,622,8/10/2023,Fresno,True,91873.2564
448,Coffee Mug,Drinkware,278.01,4.3,3030,728,0.15,1068,11/11/2023,Des Moines,True,252377.47799999997
449,Wine Glass,Drinkware,158.43,1.3,488,156,0.12,411,11/20/2023,Los Angeles,True,57300.96240000001
450,Wine Glass,Drinkware,39.26,3.7,515,601,0.5,630,1/31/2024,Kansas City,False,12366.9
451,Tea Cup,Drinkware,495.75,3.2,3871,539,0.39,1552,4/14/2024,Concord,False,469336.43999999994
452,Water Bottle,Drinkware,105.96,1.6,25,24,0.39,1324,7/9/2023,Worcester,False,85577.53439999999
453,Wine Glass,Drinkware,491.01,3.1,3483,970,0.13,1072,12/20/2023,Concord,False,457935.5664
454,Tea Cup,Drinkware,175.3,3.9,1592,558,0.03,685,10/14/2023,Orlando,False,116478.08499999999
455,Water Bottle,Drinkware,82.18,1.0,2295,565,0.21,421,10/30/2023,Palm Bay,True,27332.2462
456,Wine Glass,Drinkware,183.59,4.8,2500,389,0.14,597,11/15/2023,Springfield,True,94258.77780000001
457,Water Bottle,Drinkware,277.82,2.7,1757,2,0.08,1116,6/4/2024,Boise,True,285243.3504
458,Tea Cup,Drinkware,449.86,3.7,3823,330,0.4,1546,6/27/2023,Phoenix,True,417290.136
459,Tea Cup,Drinkware,332.97,1.4,4675,866,0.25,695,7/28/2023,Dayton,True,173560.61250000002
460,Wine Glass,Drinkware,490.76,3.3,356,600,0.46,310,6/20/2023,Minneapolis,True,82153.224
461,Water Bottle,Drinkware,16.38,1.1,619,882,0.37,124,6/24/2023,Cleveland,True,1279.6056
462,Coffee Mug,Drinkware,480.47,3.1,929,246,0.2,361,6/4/2024,Des Moines,True,138759.736
463,Water Bottle,Drinkware,361.98,2.0,4282,595,0.28,1877,3/11/2024,Bonita Springs,True,489194.25120000006
464,Water Bottle,Drinkware,305.5,4.3,3619,612,0.19,1179,10/1/2023,Seattle,False,291749.445
465,Wine Glass,Drinkware,32.57,4.2,4967,321,0.26,943,3/13/2024,Sacramento,False,22727.9974
466,Water Bottle,Drinkware,220.06,1.1,3947,652,0.0,739,9/21/2023,Bridgeport,False,162624.34
467,Water Bottle,Drinkware,204.94,4.7,2176,671,0.26,326,10/15/2023,Wichita,False,49439.7256
468,Wine Glass,Drinkware,202.3,4.0,3696,358,0.29,717,5/26/2024,Akron,False,102984.861
469,Water Bottle,Drinkware,496.3,2.5,692,90,0.21,960,2/19/2024,San Juan,False,376393.92000000004
470,Coffee Mug,Drinkware,103.88,4.7,3699,854,0.25,1738,5/2/2024,Los Angeles,False,135407.58
471,Coffee Mug,Drinkware,122.06,4.8,2401,748,0.11,1603,11/28/2023,Provo,False,174139.3402
472,Tea Cup,Drinkware,223.94,3.3,2635,281,0.42,1132,12/7/2023,Fresno,False,147030.04640000002
473,Wine Glass,Drinkware,448.11,4.8,4647,644,0.21,131,9/7/2023,Grand Rapids,False,46374.903900000005
474,Water Bottle,Drinkware,445.55,3.2,3180,220,0.13,1391,1/17/2024,San Jose,False,539191.2435000001
475,Tea Cup,Drinkware,428.96,1.8,3576,474,0.03,270,11/30/2023,Houston,False,112344.62399999998
476,Wine Glass,Drinkware,407.33,4.3,3607,535,0.33,1858,8/27/2023,New York,True,507068.82379999995
477,Coffee Mug,Drinkware,237.01,1.2,278,876,0.02,253,12/14/2023,Las Vegas,True,58764.259399999995
478,Water Bottle,Drinkware,270.69,3.4,699,565,0.18,1848,1/26/2024,Pittsburgh,True,410192.7984
479,Tea Cup,Drinkware,120.8,2.2,3388,211,0.12,1714,7/6/2023,Indianapolis,True,182205.056
480,Wine Glass,Drinkware,103.65,2.2,4082,510,0.32,1192,7/5/2023,Albuquerque,True,84014.544
481,Eau de Toilette,Perfume and cologne,158.44,2.3,1135,410,0.14,1208,4/26/2024,Buffalo,True,164600.1472
482,Eau de Toilette,Perfume and cologne,208.82,1.9,4308,309,0.3,752,9/14/2023,San Diego,True,109922.84799999998
483,Body Spray,Perfume and cologne,213.09,4.0,4538,161,0.39,520,1/25/2024,Las Vegas,True,67592.148
484,Perfume Oil,Perfume and cologne,30.79,2.1,3907,559,0.15,152,2/10/2024,Washington,True,3978.0679999999998
485,Eau de Parfum,Perfume and cologne,284.44,4.1,1752,562,0.18,488,3/16/2024,Minneapolis,True,113821.5104
486,Eau de Toilette,Perfume and cologne,351.63,3.9,1914,197,0.46,406,12/28/2023,Las Vegas,True,77091.3612
487,Eau de Parfum,Perfume and cologne,432.23,2.1,4858,680,0.1,1164,4/3/2024,Toledo,True,452804.148
488,Eau de Toilette,Perfume and cologne,335.92,1.6,3408,574,0.38,1903,12/20/2023,Cleveland,False,396338.5712
489,Eau de Parfum,Perfume and cologne,474.07,3.0,1497,782,0.25,863,2/5/2024,Birmingham,False,306841.8075
490,Perfume Oil,Perfume and cologne,198.33,1.1,1907,418,0.01,825,8/28/2023,Baltimore,False,161986.0275
491,Eau de Toilette,Perfume and cologne,423.21,1.4,3386,924,0.41,888,12/27/2023,Birmingham,False,221728.1832
492,Body Spray,Perfume and cologne,220.5,2.2,3407,389,0.06,1263,7/28/2023,Denver,False,261782.00999999998
493,Eau de Toilette,Perfume and cologne,280.83,2.6,4986,554,0.43,1683,3/9/2024,Harrisburg,False,269403.0273
494,Perfume Oil,Perfume and cologne,316.26,2.3,3093,882,0.25,839,6/5/2024,Albany,False,199006.60499999998
495,Eau de Toilette,Perfume and cologne,316.19,3.3,3062,594,0.31,499,7/20/2023,Charleston,False,108867.3789
496,Perfume Oil,Perfume and cologne,101.59,1.1,2378,900,0.18,1424,3/7/2024,Minneapolis,False,118624.61120000001
497,Eau de Parfum,Perfume and cologne,369.02,2.6,887,58,0.18,49,5/24/2024,Wichita,False,14827.223600000001
498,Eau de Toilette,Perfume and cologne,172.9,1.2,2606,678,0.47,1164,3/20/2024,Harrisburg,False,106665.46800000002
499,Eau de Toilette,Perfume and cologne,369.41,1.5,3474,127,0.38,759,5/14/2024,Detroit,False,173836.95780000003
500,Perfume Oil,Perfume and cologne,145.4,2.7,4664,391,0.03,1692,11/23/2023,New Orleans,True,238636.29600000003
501,Eau de Parfum,Perfume and cologne,60.53,3.2,1341,680,0.37,1497,11/6/2023,Little Rock,True,57086.448300000004
502,Eau de Parfum,Perfume and cologne,204.83,2.1,4873,97,0.24,207,6/10/2024,Austin,True,32223.855600000003
503,Perfume Oil,Perfume and cologne,279.31,3.8,153,938,0.3,218,1/7/2024,Raleigh,True,42622.706
504,Body Spray,Perfume and cologne,476.2,2.2,2195,107,0.23,1506,7/26/2023,Denton,True,552211.044
505,Eau de Toilette,Perfume and cologne,324.4,3.8,1742,282,0.34,480,6/26/2023,Tulsa,True,102769.91999999998
506,Perfume Oil,Perfume and cologne,295.94,3.1,2555,257,0.43,1088,3/21/2024,San Jose,True,183530.15040000004
507,Eau de Toilette,Perfume and cologne,230.05,3.4,4757,946,0.44,890,10/8/2023,Phoenix,True,114656.92000000003
508,Eau de Toilette,Perfume and cologne,316.35,2.5,283,448,0.01,1091,6/5/2024,Mesa,True,341686.47150000004
509,Eau de Parfum,Perfume and cologne,275.58,4.8,3491,72,0.42,617,8/29/2023,St. Louis,True,98619.0588
510,Eau de Toilette,Perfume and cologne,488.73,1.4,369,794,0.22,1442,10/12/2023,San Diego,False,549703.9548000001
511,Body Spray,Perfume and cologne,51.31,4.2,4462,270,0.41,378,3/31/2024,New York,False,11443.156200000003
512,Body Spray,Perfume and cologne,14.44,3.4,3856,42,0.32,169,11/13/2023,Des Moines,False,1659.4447999999998
513,Eau de Parfum,Perfume and cologne,54.78,1.8,150,110,0.37,1070,4/10/2024,Knoxville,False,36927.198000000004
514,Eau de Parfum,Perfume and cologne,115.06,2.1,4897,295,0.18,945,7/30/2023,Virginia Beach,False,89159.994
515,Eau de Toilette,Perfume and cologne,302.58,3.4,1629,303,0.17,1361,5/5/2024,Dayton,False,341803.44539999997
516,Body Spray,Perfume and cologne,413.26,4.7,3757,386,0.31,832,3/13/2024,Grand Rapids,False,237244.30079999997
517,Eau de Toilette,Perfume and cologne,152.83,4.1,2556,389,0.4,294,9/2/2023,Seattle,False,26959.212000000003
518,Eau de Parfum,Perfume and cologne,448.72,3.7,4663,186,0.23,444,4/15/2024,Bronx,False,153408.3936
519,Body Spray,Perfume and cologne,322.6,4.3,679,419,0.27,1642,5/6/2024,Memphis,False,386687.716
520,Body Spray,Perfume and cologne,41.36,4.3,2559,138,0.3,1228,9/26/2023,Charlotte,False,35553.056
521,White Wine,Wine,256.29,1.2,4917,87,0.46,1230,2/4/2024,Cape Coral,False,170227.818
522,Rose Wine,Wine,359.35,1.0,120,384,0.46,1364,1/31/2024,Columbia,True,264682.83600000007
523,Red Wine,Wine,100.97,3.7,2668,302,0.34,802,4/4/2024,Louisville,True,53445.44039999999
524,Red Wine,Wine,161.81,2.0,2359,745,0.27,276,4/12/2024,Minneapolis,True,32601.4788
525,Rose Wine,Wine,47.55,4.5,2591,566,0.48,1571,2/23/2024,Charleston,True,38844.546
526,White Wine,Wine,193.02,2.1,2895,96,0.16,828,1/27/2024,Charleston,True,134249.2704
527,White Wine,Wine,281.15,3.0,661,424,0.43,1449,3/17/2024,Queens,True,232210.2195
528,Red Wine,Wine,178.94,2.8,2942,725,0.15,1262,12/30/2023,Reno,True,191948.938
529,Rose Wine,Wine,97.83,3.8,4590,623,0.06,1424,10/9/2023,Columbia,True,130951.32479999997
530,Sparkling Wine,Wine,432.86,3.1,3089,605,0.08,288,11/16/2023,Omaha,True,114690.58560000002
531,White Wine,Wine,91.22,4.6,4729,649,0.32,114,1/2/2024,Little Rock,False,7071.3744
532,Red Wine,Wine,113.83,2.2,2294,558,0.2,146,2/15/2024,Kansas City,False,13295.344000000001
533,Rose Wine,Wine,377.2,3.3,2410,508,0.21,1312,5/24/2024,Tucson,False,390960.256
534,Rose Wine,Wine,351.25,3.8,448,924,0.25,1522,1/23/2024,Portland,False,400951.875
535,White Wine,Wine,291.95,1.1,238,204,0.35,244,7/28/2023,Denton,False,46303.270000000004
536,Red Wine,Wine,175.23,1.6,4166,268,0.2,304,6/5/2024,Provo,False,42615.936
537,White Wine,Wine,258.82,2.7,1776,573,0.4,1560,10/5/2023,Concord,False,242255.52
538,Red Wine,Wine,209.98,4.5,2463,793,0.13,24,8/7/2023,Colorado Springs,False,4384.3823999999995
539,Sparkling Wine,Wine,351.66,4.0,504,597,0.42,498,6/14/2023,Spokane,False,101573.47440000002
540,Rose Wine,Wine,149.9,3.1,3484,338,0.41,1960,9/15/2023,Bonita Springs,False,173344.36000000004
541,Rose Wine,Wine,16.55,2.6,2104,231,0.01,383,4/25/2024,Pittsburgh,False,6275.2635
542,White Wine,Wine,42.82,4.5,2763,750,0.27,291,7/13/2023,Little Rock,False,9096.2526
543,Sparkling Wine,Wine,277.34,4.9,4177,833,0.26,334,5/23/2024,Milwaukee,True,68547.3544
544,Sparkling Wine,Wine,471.85,1.2,2370,850,0.04,205,7/28/2023,Rochester,True,92860.08
545,Sparkling Wine,Wine,43.67,2.5,2890,121,0.17,95,7/1/2023,Tucson,True,3443.3795
546,White Wine,Wine,116.66,3.6,670,123,0.05,1527,11/18/2023,Pittsburgh,True,169232.829
547,Sparkling Wine,Wine,42.57,4.1,249,313,0.39,1452,7/30/2023,Chicago,True,37705.1004
548,Rose Wine,Wine,341.96,4.0,3426,484,0.1,43,5/14/2024,Sacramento,True,13233.852
549,Rose Wine,Wine,93.24,1.8,219,901,0.37,400,11/10/2023,Bonita Springs,True,23496.48
550,Rose Wine,Wine,302.61,3.6,803,489,0.29,1493,4/11/2024,Charleston,True,320775.6783
551,White Wine,Wine,160.38,2.7,53,527,0.1,1082,8/4/2023,Oklahoma City,True,156178.04400000002
552,Sparkling Wine,Wine,303.89,4.4,2781,715,0.36,394,11/18/2023,Port St. Lucie,False,76628.90239999999
553,Sparkling Wine,Wine,47.72,3.8,370,857,0.23,1341,11/1/2023,Bakersfield,False,49274.240399999995
554,Red Wine,Wine,143.25,3.8,4334,194,0.47,1245,4/12/2024,Bronx,False,94523.5125
555,Red Wine,Wine,269.07,4.3,3988,377,0.14,922,6/22/2023,Ogden,False,213350.9844
556,Rose Wine,Wine,139.67,3.6,974,206,0.39,1814,7/22/2023,Oklahoma City,False,154550.44179999997
557,Sparkling Wine,Wine,53.31,3.8,203,160,0.22,768,12/30/2023,Cincinnati,False,31934.8224
558,Rose Wine,Wine,139.36,2.7,607,674,0.41,827,2/13/2024,Concord,False,67997.92480000002
559,White Wine,Wine,336.76,2.3,2103,365,0.44,1767,10/1/2023,Omaha,False,333230.7552
560,Red Wine,Wine,223.85,3.7,2378,992,0.29,1791,5/5/2024,Detroit,False,284649.89849999995
561,Knee-High Socks,Socks,415.06,4.6,956,798,0.4,572,7/1/2023,Oakland,False,142448.592
562,Ankle Socks,Socks,289.87,2.2,2828,880,0.48,458,12/8/2023,Tulsa,False,69035.43920000001
563,Wool Socks,Socks,394.03,3.3,4603,303,0.16,597,12/29/2023,Salt Lake City,False,197598.16439999998
564,Ankle Socks,Socks,384.53,3.5,991,355,0.02,206,9/30/2023,Jacksonville,True,77628.91639999999
565,Ankle Socks,Socks,12.62,4.8,4804,852,0.2,338,5/18/2024,Fresno,True,3412.448
566,Knee-High Socks,Socks,495.43,4.0,2730,449,0.35,938,1/11/2024,Mesa,True,302063.67100000003
567,Knee-High Socks,Socks,289.05,4.5,650,621,0.19,539,11/28/2023,Buffalo,True,126196.3395
568,Ankle Socks,Socks,113.7,5.0,2827,561,0.32,1136,12/25/2023,Pittsburgh,True,87830.97599999998
569,Knee-High Socks,Socks,470.57,3.0,4383,906,0.42,1178,4/18/2024,Colorado Springs,True,321512.2468
570,Cotton Socks,Socks,192.83,4.8,2324,939,0.25,1448,4/14/2024,New Haven,True,209413.38
571,Ankle Socks,Socks,487.38,1.3,917,850,0.37,838,9/26/2023,Reno,False,257307.3972
572,Wool Socks,Socks,97.88,3.8,1749,753,0.33,92,1/22/2024,Las Vegas,False,6033.323199999999
573,Cotton Socks,Socks,19.38,4.1,374,58,0.35,779,8/21/2023,St. Louis,False,9813.063
574,Cotton Socks,Socks,345.99,4.6,3255,89,0.2,972,7/26/2023,Spokane,False,269041.824
575,Wool Socks,Socks,418.56,3.6,1610,967,0.05,1834,1/14/2024,Louisville,False,729257.088
576,Knee-High Socks,Socks,25.55,2.7,4735,339,0.44,1167,7/30/2023,Indianapolis,False,16697.436
577,Ankle Socks,Socks,113.5,4.5,1262,951,0.1,1204,11/10/2023,Boise,False,122988.6
578,Knee-High Socks,Socks,443.45,1.5,4274,211,0.11,464,10/17/2023,Rochester,False,183127.112
579,Ankle Socks,Socks,486.96,2.9,2654,884,0.03,275,10/25/2023,New Haven,True,129896.57999999999
580,Wool Socks,Socks,487.92,4.3,3135,809,0.47,1938,6/1/2024,Atlanta,True,501162.1488
581,Cotton Socks,Socks,44.81,1.8,762,275,0.03,727,4/21/2024,Spokane,True,31599.563899999997
582,Ankle Socks,Socks,82.17,4.9,2040,807,0.06,235,4/17/2024,Minneapolis,True,18151.353
583,Ankle Socks,Socks,401.16,2.3,903,92,0.12,1083,1/26/2024,Charleston,True,382321.52640000003
584,Ankle Socks,Socks,189.14,2.4,1036,991,0.49,1817,3/18/2024,San Jose,True,175270.3638
585,Knee-High Socks,Socks,81.99,2.4,2430,855,0.08,1494,9/8/2023,Allentown,True,112693.6152
586,Cotton Socks,Socks,416.36,3.8,3373,95,0.08,191,9/20/2023,Worcester,True,73162.7792
587,Knee-High Socks,Socks,158.78,2.2,3183,827,0.24,1168,4/8/2024,El Paso,True,140945.8304
588,Ankle Socks,Socks,492.27,2.6,2153,180,0.21,776,9/8/2023,Mesa,False,301781.2008
589,Wool Socks,Socks,180.06,3.2,2153,270,0.02,1526,12/28/2023,Mission Viejo,False,269276.1288
590,Wool Socks,Socks,494.83,4.6,3802,980,0.24,1743,11/24/2023,Madison,False,655491.4044
591,Ankle Socks,Socks,284.19,3.7,226,47,0.2,1462,8/22/2023,Cleveland,True,332388.624
592,Knee-High Socks,Socks,213.91,3.1,2535,908,0.44,1252,3/27/2024,Memphis,True,149976.5792
593,Wool Socks,Socks,261.32,4.5,4405,131,0.49,1095,9/5/2023,Tampa,True,145934.154
594,Wool Socks,Socks,334.22,1.6,1445,119,0.09,1757,2/2/2024,Buffalo,True,534374.3314000001
595,Wool Socks,Socks,209.21,4.6,2294,71,0.19,5,11/19/2023,Omaha,True,847.3005
596,Knee-High Socks,Socks,400.89,2.5,698,75,0.28,1822,6/29/2023,Queens,True,525903.5375999999
597,Ankle Socks,Socks,175.45,5.0,2334,765,0.26,1619,5/30/2024,Tucson,True,210199.627
598,Wool Socks,Socks,436.63,4.2,275,499,0.38,1973,9/13/2023,Mission Viejo,True,534112.0138
599,Knee-High Socks,Socks,248.2,4.7,4204,278,0.15,1799,8/2/2023,Atlanta,True,379535.02999999997
600,Cotton Socks,Socks,395.05,3.4,1520,155,0.38,1295,6/10/2024,Worcester,True,317185.645
601,Silk Sheets,Bedsheets,220.69,3.4,870,12,0.38,1756,10/18/2023,Buffalo,False,240269.6168
602,Silk Sheets,Bedsheets,243.09,3.7,1647,566,0.32,1490,2/17/2024,Omaha,False,246298.788
603,Linen Sheets,Bedsheets,456.2,3.0,4660,470,0.31,925,8/4/2023,Los Angeles,False,291169.64999999997
604,Bamboo Sheets,Bedsheets,464.91,5.0,1067,738,0.38,1743,9/21/2023,Oklahoma City,False,502409.64060000004
605,Bamboo Sheets,Bedsheets,34.31,3.9,2951,71,0.46,1291,7/27/2023,San Antonio,False,23918.873400000004
606,Linen Sheets,Bedsheets,402.71,2.6,4234,614,0.06,272,11/4/2023,Cincinnati,False,102964.8928
607,Cotton Sheets,Bedsheets,287.23,4.7,4485,341,0.03,1956,12/3/2023,Cleveland,False,544967.2236
608,Linen Sheets,Bedsheets,267.12,4.1,4322,370,0.17,816,1/15/2024,Bronx,False,180915.0336
609,Linen Sheets,Bedsheets,153.95,1.2,870,667,0.3,1029,1/17/2024,Madison,False,110890.18499999998
610,Bamboo Sheets,Bedsheets,165.6,4.4,3190,292,0.44,1603,11/11/2023,Bonita Springs,False,148655.80800000002
611,Silk Sheets,Bedsheets,457.34,2.4,307,569,0.36,1128,10/28/2023,Tampa,False,330162.8928
612,Linen Sheets,Bedsheets,223.47,4.2,1378,749,0.04,795,11/15/2023,Long Beach,False,170552.30399999997
613,Bamboo Sheets,Bedsheets,418.94,4.7,4567,719,0.23,1957,1/27/2024,New York,True,631296.4966
614,Linen Sheets,Bedsheets,89.77,3.4,1398,653,0.22,1534,8/27/2023,Cape Coral,True,107411.6004
615,Linen Sheets,Bedsheets,130.86,2.9,3049,72,0.38,1983,6/18/2023,Baltimore,True,160887.1356
616,Silk Sheets,Bedsheets,96.82,2.2,1977,282,0.03,270,1/1/2024,Austin,True,25357.157999999996
617,Bamboo Sheets,Bedsheets,433.83,2.0,2398,433,0.45,1494,2/1/2024,Cape Coral,True,356478.11100000003
618,Linen Sheets,Bedsheets,156.44,1.4,1269,600,0.36,1922,1/15/2024,Orlando,True,192433.7152
619,Cotton Sheets,Bedsheets,432.94,4.3,2044,480,0.06,1788,1/21/2024,Spokane,True,727650.9168
620,Silk Sheets,Bedsheets,156.97,3.4,1325,24,0.08,888,4/3/2024,Milwaukee,False,128238.21120000002
621,Cotton Sheets,Bedsheets,32.17,1.9,470,963,0.29,660,10/29/2023,Toledo,False,15074.862000000001
622,Silk Sheets,Bedsheets,266.34,3.8,3623,241,0.28,1203,11/25/2023,Brooklyn,False,230693.05439999996
623,Linen Sheets,Bedsheets,134.43,4.1,3308,692,0.23,55,10/19/2023,Hartford,False,5693.110500000001
624,Silk Sheets,Bedsheets,115.2,1.3,2799,513,0.37,1723,8/10/2023,Chicago,False,125048.44800000002
625,Silk Sheets,Bedsheets,433.1,1.9,4006,601,0.39,1991,11/5/2023,Nashville,True,526004.2810000001
626,Silk Sheets,Bedsheets,398.85,1.1,1719,494,0.07,542,4/21/2024,Indianapolis,True,201044.331
627,Cotton Sheets,Bedsheets,349.09,2.8,4647,612,0.31,1856,10/7/2023,Austin,True,447058.61759999994
628,Linen Sheets,Bedsheets,347.49,4.6,1232,21,0.24,1231,6/4/2024,Grand Rapids,True,325097.7444
629,Silk Sheets,Bedsheets,404.8,2.3,2649,652,0.04,848,3/26/2024,Port St. Lucie,True,329539.58400000003
630,Cotton Sheets,Bedsheets,422.05,1.9,1262,71,0.4,1845,9/3/2023,Baton Rouge,True,467209.35
631,Cotton Sheets,Bedsheets,234.97,2.2,2722,59,0.06,981,4/15/2024,McAllen,True,216675.23579999997
632,Cotton Sheets,Bedsheets,216.17,3.4,3076,985,0.2,709,4/14/2024,Austin,True,122611.62400000001
633,Bamboo Sheets,Bedsheets,313.43,2.3,4621,461,0.03,383,4/29/2024,Minneapolis,True,116442.3793
634,Linen Sheets,Bedsheets,261.03,4.1,1003,418,0.04,1938,3/4/2024,Boston,False,485641.09439999994
635,Linen Sheets,Bedsheets,207.57,4.3,1895,919,0.31,144,7/21/2023,Dallas,False,20624.1552
636,Linen Sheets,Bedsheets,481.51,2.8,3212,965,0.34,397,10/17/2023,Madison,False,126165.25019999998
637,Silk Sheets,Bedsheets,99.07,1.6,4827,911,0.02,428,7/2/2023,Columbia,False,41553.92079999999
638,Bamboo Sheets,Bedsheets,263.96,3.8,4866,757,0.16,1806,12/24/2023,New Orleans,False,400437.8784
639,Linen Sheets,Bedsheets,479.48,1.9,3847,582,0.47,370,3/1/2024,Wichita,False,94026.028
640,Silk Sheets,Bedsheets,165.13,2.1,2845,457,0.16,881,11/28/2023,Colorado Springs,False,122202.80519999999
641,Framed Poster,Posters and artwork,219.94,3.9,4266,381,0.07,452,6/28/2023,Kansas City,False,92453.97839999999
642,Canvas Print,Posters and artwork,472.16,1.9,3075,92,0.46,287,2/27/2024,Orlando,False,73175.35680000001
643,Canvas Print,Posters and artwork,132.26,3.2,4552,740,0.45,1029,2/21/2024,Albany,False,74852.54699999999
644,Art Print,Posters and artwork,29.24,2.1,3722,810,0.49,1411,7/11/2023,Oakland,False,21041.3964
645,Framed Poster,Posters and artwork,113.33,4.4,2501,290,0.47,149,10/9/2023,Concord,False,8949.6701
646,Digital Art,Posters and artwork,232.66,4.1,2123,598,0.23,1553,2/20/2024,Allentown,True,278217.1546
647,Digital Art,Posters and artwork,469.88,1.7,1106,124,0.11,1070,9/30/2023,Bronx,True,447466.724
648,Digital Art,Posters and artwork,214.42,1.6,2415,494,0.38,717,8/3/2023,Virginia Beach,True,95318.26679999998
649,Canvas Print,Posters and artwork,59.12,1.1,1357,354,0.3,1761,9/20/2023,San Francisco,True,72877.22399999999
650,Digital Art,Posters and artwork,125.15,4.3,4780,902,0.07,1471,4/9/2024,Port St. Lucie,True,171208.9545
651,Canvas Print,Posters and artwork,463.97,2.7,3066,330,0.21,1778,5/25/2024,Jacksonville,True,651701.5414000001
652,Digital Art,Posters and artwork,24.04,3.3,4586,430,0.12,297,3/28/2024,Jacksonville,True,6283.0944
653,Art Print,Posters and artwork,204.87,4.9,4922,922,0.35,71,9/23/2023,Baton Rouge,True,9454.7505
654,Digital Art,Posters and artwork,193.61,3.2,4987,11,0.21,1578,5/26/2024,Baltimore,True,241358.09820000004
655,Digital Art,Posters and artwork,119.92,1.9,3028,519,0.47,719,8/25/2023,Palm Bay,True,45697.9144
656,Art Print,Posters and artwork,34.77,3.5,925,662,0.11,969,4/2/2024,New Haven,True,29985.995700000003
657,Framed Poster,Posters and artwork,436.61,4.0,4290,910,0.2,1965,9/11/2023,Provo,True,686350.92
658,Framed Poster,Posters and artwork,290.28,4.2,2074,310,0.08,1683,9/5/2023,Palm Bay,False,449457.9408
659,Canvas Print,Posters and artwork,179.81,2.6,4319,783,0.09,949,6/22/2023,Washington,False,155282.1179
660,Canvas Print,Posters and artwork,202.04,3.8,3498,829,0.49,1891,5/21/2024,Denton,False,194849.39639999997
661,Art Print,Posters and artwork,448.89,2.2,3406,440,0.07,1311,4/23/2024,Dallas,False,547300.1547
662,Canvas Print,Posters and artwork,32.19,3.6,3748,277,0.34,988,8/17/2023,Charleston,False,20990.455199999997
663,Canvas Print,Posters and artwork,24.71,2.8,2182,579,0.49,477,1/5/2024,San Jose,False,6011.2017
664,Art Print,Posters and artwork,383.22,3.0,2462,338,0.49,287,7/26/2023,Concord,False,56091.911400000005
665,Digital Art,Posters and artwork,211.48,2.7,2363,983,0.28,143,5/27/2024,Fort Worth,False,21773.980799999998
666,Canvas Print,Posters and artwork,21.53,2.7,2176,906,0.28,3,7/21/2023,Houston,False,46.5048
667,Canvas Print,Posters and artwork,266.56,2.0,3792,224,0.25,991,7/27/2023,New York,False,198120.72000000003
668,Digital Art,Posters and artwork,113.06,4.1,1131,530,0.06,1319,8/11/2023,Akron,False,140178.5716
669,Digital Art,Posters and artwork,482.27,1.5,194,489,0.44,181,8/12/2023,Grand Rapids,False,48882.887200000005
670,Art Print,Posters and artwork,12.65,1.0,3867,792,0.01,777,8/19/2023,Sacramento,True,9730.7595
671,Art Print,Posters and artwork,168.67,3.6,1397,553,0.13,1269,11/17/2023,Detroit,True,186216.7401
672,Framed Poster,Posters and artwork,306.94,4.4,2410,282,0.37,161,1/4/2024,Portland,True,31132.924199999998
673,Canvas Print,Posters and artwork,301.13,2.6,4683,857,0.01,1887,10/30/2023,Queens,True,562549.9869
674,Art Print,Posters and artwork,23.65,3.5,4416,434,0.27,1431,1/5/2024,Pittsburgh,True,24705.499499999998
675,Framed Poster,Posters and artwork,483.0,1.2,2660,155,0.08,870,9/6/2023,New Orleans,True,386593.2
676,Framed Poster,Posters and artwork,44.0,1.4,1751,909,0.4,313,7/16/2023,Rochester,True,8263.199999999999
677,Canvas Print,Posters and artwork,80.21,3.9,2686,847,0.5,439,11/8/2023,Atlanta,True,17606.094999999998
678,Art Print,Posters and artwork,341.42,3.7,194,662,0.0,122,12/8/2023,San Juan,True,41653.240000000005
679,Framed Poster,Posters and artwork,334.3,3.5,3814,990,0.02,395,7/11/2023,San Jose,True,129407.53000000001
680,Framed Poster,Posters and artwork,420.26,1.5,3629,799,0.41,1424,12/26/2023,Mesa,False,353085.64160000003
681,Soy Candle,Candles,460.01,3.6,2156,794,0.2,615,9/30/2023,Washington,False,226324.92
682,Beeswax Candle,Candles,156.4,4.6,1268,286,0.16,475,3/21/2024,Bonita Springs,False,62403.600000000006
683,Soy Candle,Candles,16.32,3.2,935,908,0.48,290,1/31/2024,Bonita Springs,False,2461.056
684,Scented Candle,Candles,281.02,4.2,3861,961,0.3,507,11/6/2023,Albuquerque,False,99733.99799999998
685,Scented Candle,Candles,201.05,2.9,4703,586,0.41,565,7/4/2023,Minneapolis,False,67020.01750000002
686,Beeswax Candle,Candles,270.62,4.5,3603,557,0.23,1918,4/15/2024,San Jose,False,399667.8532
687,Scented Candle,Candles,159.81,2.6,3996,851,0.34,28,2/21/2024,Baton Rouge,False,2953.2888
688,Beeswax Candle,Candles,188.69,4.0,2756,474,0.06,211,2/24/2024,Reno,False,37424.7746
689,Pillar Candle,Candles,379.2,4.5,4085,786,0.37,684,12/24/2023,Mission Viejo,False,163404.864
690,Scented Candle,Candles,340.11,4.1,1499,51,0.25,876,7/6/2023,Worcester,False,223452.27000000002
691,Beeswax Candle,Candles,106.16,1.5,857,751,0.14,1942,8/18/2023,Indianapolis,False,177299.9392
692,Scented Candle,Candles,275.27,1.3,4306,751,0.05,779,11/18/2023,Birmingham,True,203713.56349999996
693,Beeswax Candle,Candles,42.68,1.2,4506,522,0.02,426,9/11/2023,Seattle,True,17818.0464
694,Pillar Candle,Candles,205.59,3.4,1243,576,0.49,327,4/21/2024,St. Louis,True,34286.244300000006
695,Soy Candle,Candles,447.88,1.3,3388,323,0.09,1689,6/20/2023,Wichita,True,688387.0812
696,Soy Candle,Candles,175.28,4.8,4141,820,0.16,1912,9/17/2023,Pittsburgh,True,281513.7024
697,Scented Candle,Candles,418.27,2.2,2163,629,0.31,1503,8/12/2023,Mission Viejo,True,433775.26889999997
698,Beeswax Candle,Candles,232.55,2.6,2476,790,0.16,746,8/4/2023,Bakersfield,True,145725.132
699,Soy Candle,Candles,409.73,2.9,2829,333,0.03,347,9/13/2023,Baton Rouge,False,137911.0207
700,Beeswax Candle,Candles,231.35,2.4,3164,684,0.06,1240,6/20/2023,Omaha,False,269661.56
701,Soy Candle,Candles,310.85,3.5,243,505,0.03,1110,11/8/2023,Manhattan,False,334692.195
702,Soy Candle,Candles,367.94,1.5,1192,329,0.24,390,8/11/2023,Tampa,False,109057.41600000001
703,Soy Candle,Candles,435.4,2.2,1211,929,0.02,643,11/7/2023,Manhattan,False,274362.95599999995
704,Pillar Candle,Candles,280.66,3.4,4552,188,0.29,1788,8/25/2023,Houston,True,356292.25680000003
705,Soy Candle,Candles,269.69,3.7,1869,376,0.2,507,5/27/2024,Bridgeport,True,109386.26400000001
706,Beeswax Candle,Candles,84.21,2.7,4516,528,0.26,941,5/4/2024,San Francisco,True,58638.791399999995
707,Scented Candle,Candles,415.93,1.3,2155,267,0.41,1553,3/14/2024,Jacksonville,True,381104.18110000005
708,Scented Candle,Candles,105.65,3.7,2430,441,0.49,1113,10/19/2023,New Haven,True,59970.109500000006
709,Soy Candle,Candles,363.81,1.2,2645,18,0.26,606,10/2/2023,Houston,True,163146.9564
710,Scented Candle,Candles,15.14,4.6,1547,629,0.31,1446,10/10/2023,Miami,True,15105.7836
711,Scented Candle,Candles,16.32,1.9,746,701,0.18,769,12/15/2023,Fresno,True,10291.0656
712,Beeswax Candle,Candles,196.67,1.2,2306,134,0.45,1771,12/9/2023,Spokane,True,191566.41350000002
713,Scented Candle,Candles,419.33,1.8,4675,890,0.29,880,3/6/2024,Madison,False,261997.38399999996
714,Scented Candle,Candles,43.37,1.9,4478,133,0.23,502,12/10/2023,Grand Rapids,False,16764.2398
715,Scented Candle,Candles,212.93,4.8,3981,678,0.3,219,12/16/2023,Kansas City,False,32642.168999999998
716,Beeswax Candle,Candles,244.38,1.1,3733,415,0.41,196,5/1/2024,Baton Rouge,False,28260.1032
717,Scented Candle,Candles,266.47,1.9,3878,889,0.04,924,2/10/2024,Tampa,False,236369.54880000002
718,Beeswax Candle,Candles,80.05,4.0,28,974,0.3,1419,2/22/2024,San Antonio,False,79513.665
719,Soy Candle,Candles,260.74,2.9,903,519,0.42,339,12/20/2023,Palm Bay,False,51266.698800000006
720,Pillar Candle,Candles,13.59,1.1,3087,332,0.5,8,8/1/2023,Allentown,False,54.36
721,Body Lotion,Bath and body,480.3,1.2,2062,838,0.02,1448,9/8/2023,San Antonio,False,681564.912
722,Body Scrub,Bath and body,267.2,2.8,2313,490,0.29,1735,8/11/2023,Bakersfield,False,329150.32
723,Body Scrub,Bath and body,492.18,4.2,1517,367,0.34,419,9/7/2023,Boise,False,136107.4572
724,Bath Salts,Bath and body,348.46,3.9,3096,529,0.46,1578,7/14/2023,Philadelphia,False,296929.7352
725,Body Scrub,Bath and body,47.61,1.0,2226,55,0.21,110,1/27/2024,Richmond,True,4137.309
726,Body Scrub,Bath and body,329.96,3.3,813,248,0.05,322,6/6/2024,New Orleans,True,100934.764
727,Body Scrub,Bath and body,481.95,1.5,2476,268,0.08,147,2/15/2024,New York,True,65178.918
728,Body Lotion,Bath and body,400.78,3.7,2038,812,0.24,1854,3/28/2024,Phoenix,True,564715.0512
729,Bath Salts,Bath and body,224.16,3.5,3510,714,0.42,998,8/8/2023,Chicago,True,129752.77440000002
730,Body Lotion,Bath and body,438.41,4.3,1451,727,0.2,562,11/11/2023,Boston,True,197109.13600000003
731,Bath Salts,Bath and body,18.17,1.8,4534,731,0.21,698,8/28/2023,Mesa,True,10019.301400000002
732,Bath Salts,Bath and body,265.72,1.3,3197,176,0.48,1634,3/6/2024,Kansas City,True,225776.96960000004
733,Bath Salts,Bath and body,213.75,3.2,3916,637,0.26,309,1/14/2024,Cape Coral,True,48876.075000000004
734,Body Scrub,Bath and body,320.07,4.1,684,557,0.01,1462,11/11/2023,Manhattan,True,463262.9166
735,Shower Gel,Bath and body,222.69,1.5,3560,64,0.18,626,4/9/2024,Riverside,True,114311.2308
736,Bath Salts,Bath and body,247.06,2.7,1181,588,0.3,1878,10/31/2023,Bridgeport,True,324785.07599999994
737,Shower Gel,Bath and body,241.15,3.2,4908,939,0.11,1906,8/14/2023,Boise,False,409072.391
738,Body Scrub,Bath and body,134.72,2.9,2387,346,0.13,648,10/11/2023,Buffalo,False,75949.7472
739,Shower Gel,Bath and body,212.08,1.8,4391,111,0.07,1200,7/5/2023,Port St. Lucie,False,236681.28
740,Body Scrub,Bath and body,138.05,2.7,3472,27,0.26,1560,4/15/2024,Oakland,False,159364.92
741,Body Lotion,Bath and body,213.6,4.6,2597,901,0.01,1677,7/26/2023,Knoxville,False,354625.128
742,Body Scrub,Bath and body,73.01,3.3,1248,663,0.02,1983,10/15/2023,Bronx,False,141883.25340000002
743,Body Scrub,Bath and body,209.61,3.1,2749,0,0.1,428,2/7/2024,New Orleans,False,80741.77200000001
744,Bath Salts,Bath and body,298.17,2.3,220,914,0.4,1048,5/27/2024,Akron,False,187489.296
745,Body Lotion,Bath and body,457.39,3.3,3986,480,0.13,1771,6/18/2023,Allentown,False,704732.7903
746,Bath Salts,Bath and body,198.52,2.7,44,645,0.29,1093,6/26/2023,Baltimore,False,154057.47559999998
747,Shower Gel,Bath and body,49.97,1.4,1001,9,0.26,755,9/12/2023,Provo,False,27918.239
748,Body Scrub,Bath and body,17.16,2.4,478,14,0.19,1191,6/3/2024,Las Vegas,False,16554.423600000002
749,Shower Gel,Bath and body,401.34,4.7,271,142,0.08,1843,4/4/2024,Austin,False,680496.0504
750,Bath Salts,Bath and body,334.66,4.2,622,769,0.41,771,2/24/2024,Little Rock,False,152233.48740000004
751,Body Lotion,Bath and body,112.12,1.5,66,495,0.16,767,6/3/2024,Allentown,False,72236.67360000001
752,Body Lotion,Bath and body,135.53,1.9,3580,297,0.43,375,1/23/2024,Milwaukee,False,28969.537500000006
753,Body Scrub,Bath and body,184.72,4.6,72,307,0.26,1781,8/5/2023,Omaha,False,243449.8768
754,Body Scrub,Bath and body,112.75,4.9,1174,668,0.15,178,11/28/2023,Ogden,False,17059.074999999997
755,Bath Salts,Bath and body,84.17,1.6,787,747,0.03,492,2/3/2024,Miami,False,40169.290799999995
756,Shower Gel,Bath and body,367.36,3.3,1129,374,0.25,697,3/5/2024,Allentown,False,192037.43999999997
757,Body Lotion,Bath and body,111.22,2.3,324,978,0.2,955,7/30/2023,Des Moines,False,84972.08
758,Body Scrub,Bath and body,407.92,4.3,3086,216,0.16,1570,12/12/2023,Houston,True,537964.8960000001
759,Body Lotion,Bath and body,99.58,4.8,2352,984,0.45,1013,10/24/2023,Akron,True,55480.997
760,Bath Salts,Bath and body,131.78,2.3,1577,272,0.15,972,6/5/2024,Philadelphia,True,108876.63599999998
761,Dutch Oven,Cookware,394.69,2.1,4613,919,0.05,133,9/1/2023,San Jose,True,49869.08149999999
762,Frying Pan,Cookware,172.49,3.0,2378,537,0.12,893,9/2/2023,Bronx,True,135549.5416
763,Dutch Oven,Cookware,96.79,1.0,687,20,0.34,1894,11/3/2023,Queens,True,120991.3716
764,Dutch Oven,Cookware,407.85,4.8,3797,58,0.4,1644,1/7/2024,Palm Bay,True,402303.24
765,Dutch Oven,Cookware,50.16,3.6,3106,378,0.32,236,2/29/2024,Tulsa,True,8049.676799999999
766,Dutch Oven,Cookware,361.56,2.9,966,171,0.1,1146,7/17/2023,Palm Bay,True,372912.984
767,Frying Pan,Cookware,278.97,1.8,2212,698,0.3,1762,4/25/2024,Fort Worth,True,344081.598
768,Grill Pan,Cookware,466.92,4.7,610,115,0.23,1391,10/3/2023,Salt Lake City,False,500104.00440000003
769,Saucepan,Cookware,187.86,4.5,3699,662,0.31,1525,11/19/2023,Reno,False,197675.685
770,Frying Pan,Cookware,33.13,4.8,4657,803,0.12,1614,12/5/2023,Fresno,False,47055.20160000001
771,Dutch Oven,Cookware,433.11,1.5,351,700,0.07,1245,10/15/2023,Long Beach,False,501476.4135
772,Saucepan,Cookware,488.13,2.5,2381,888,0.09,1105,12/3/2023,Salt Lake City,False,490839.1215
773,Saucepan,Cookware,213.77,1.3,3639,93,0.21,596,10/11/2023,Houston,False,100651.46680000001
774,Frying Pan,Cookware,105.9,4.3,2681,127,0.21,1296,7/12/2023,New Haven,False,108424.656
775,Frying Pan,Cookware,32.57,4.7,1505,861,0.3,998,7/23/2023,Atlanta,True,22753.402
776,Saucepan,Cookware,461.14,2.4,3236,487,0.24,1449,12/10/2023,Knoxville,True,507825.81360000005
777,Frying Pan,Cookware,10.11,4.7,2721,438,0.38,250,3/7/2024,Dallas,True,1567.0499999999997
778,Frying Pan,Cookware,364.16,1.9,512,215,0.15,124,3/22/2024,New Orleans,True,38382.464
779,Dutch Oven,Cookware,193.66,3.5,2331,105,0.06,227,12/7/2023,Virginia Beach,True,41323.17079999999
780,Frying Pan,Cookware,62.93,1.9,2921,471,0.02,12,5/25/2024,Charlotte,True,740.0568
781,Frying Pan,Cookware,177.21,2.8,294,188,0.25,1102,1/18/2024,Sacramento,True,146464.065
782,Dutch Oven,Cookware,339.08,1.1,4961,825,0.02,70,10/8/2023,El Paso,True,23260.887999999995
783,Frying Pan,Cookware,493.58,4.0,4565,505,0.27,493,8/12/2023,Bronx,True,177634.5062
784,Grill Pan,Cookware,432.83,2.1,2521,845,0.43,1454,7/16/2023,Harrisburg,True,358720.8474
785,Frying Pan,Cookware,125.03,4.3,3199,531,0.41,1957,7/20/2023,Louisville,True,144363.38890000002
786,Saucepan,Cookware,476.18,1.5,1407,430,0.09,981,7/29/2023,Cape Coral,True,425090.6478
787,Saucepan,Cookware,152.77,2.7,3605,458,0.45,1436,5/1/2024,Salt Lake City,True,120657.74600000001
788,Frying Pan,Cookware,421.6,2.4,2449,758,0.5,1317,11/18/2023,Milwaukee,False,277623.60000000003
789,Frying Pan,Cookware,458.75,3.9,1910,914,0.16,1505,8/26/2023,Oklahoma City,False,579951.75
790,Frying Pan,Cookware,103.16,4.3,3548,709,0.04,178,11/6/2023,Minneapolis,False,17627.980799999998
791,Saucepan,Cookware,431.23,1.7,60,53,0.01,847,4/8/2024,Philadelphia,False,361599.2919
792,Grill Pan,Cookware,468.05,4.6,3960,698,0.44,1963,12/14/2023,Queens,False,514518.004
793,Dutch Oven,Cookware,256.82,4.5,1004,451,0.38,1039,7/21/2023,Staten Island,False,165438.3076
794,Grill Pan,Cookware,348.71,1.7,124,80,0.25,1861,1/14/2024,Tulsa,False,486711.9824999999
795,Grill Pan,Cookware,211.49,3.7,4846,500,0.2,210,4/28/2024,San Diego,True,35530.32
796,Saucepan,Cookware,29.51,2.1,4486,846,0.48,793,3/7/2024,Providence,True,12168.743600000002
797,Dutch Oven,Cookware,352.8,4.4,4280,68,0.07,1590,3/7/2024,Little Rock,True,521685.36
798,Grill Pan,Cookware,490.82,2.5,1357,924,0.17,78,4/6/2024,Mission Viejo,True,31775.686799999996
799,Dutch Oven,Cookware,320.3,2.8,2728,662,0.37,1337,5/11/2024,Bakersfield,True,269791.89300000004
800,Dutch Oven,Cookware,406.05,1.3,3644,269,0.34,517,3/1/2024,Riverside,True,138552.381
801,Nail File,Nail care,82.77,3.4,3168,73,0.48,1705,8/10/2023,Salt Lake City,True,73383.882
802,Nail Clippers,Nail care,467.15,3.3,3598,573,0.41,1744,7/28/2023,Salt Lake City,True,480678.66400000005
803,Nail File,Nail care,240.94,2.9,4734,291,0.26,12,9/15/2023,New Haven,True,2139.5472
804,Nail Polish,Nail care,345.1,1.1,2494,985,0.16,73,5/18/2024,Louisville,True,21161.532
805,Nail Polish,Nail care,186.59,1.3,4136,428,0.27,365,2/13/2024,Memphis,True,49716.9055
806,Nail Polish,Nail care,53.98,4.6,3201,351,0.24,1341,1/27/2024,New Haven,True,55014.256799999996
807,Nail Clippers,Nail care,463.77,1.6,2415,93,0.1,1738,7/7/2023,El Paso,True,725429.034
808,Nail Polish,Nail care,227.45,2.1,585,876,0.44,1577,11/13/2023,Provo,True,200865.644
809,Nail Polish,Nail care,303.69,1.8,3085,432,0.06,131,7/10/2023,Dayton,True,37396.3866
810,Cuticle Oil,Nail care,371.58,3.4,3276,78,0.25,987,10/9/2023,Mission Viejo,True,275062.09500000003
811,Cuticle Oil,Nail care,52.68,2.9,1177,153,0.13,1456,7/10/2023,San Antonio,False,66730.80960000001
812,Nail Clippers,Nail care,249.63,2.4,2857,786,0.28,1952,3/28/2024,Jacksonville,False,350839.9872
813,Nail Polish,Nail care,162.97,3.9,4662,665,0.18,1331,6/22/2023,Virginia Beach,False,177868.7174
814,Nail Polish,Nail care,304.68,2.4,4503,188,0.37,1152,4/24/2024,Nashville,False,221124.5568
815,Nail Polish,Nail care,206.92,3.7,2489,199,0.37,859,1/30/2024,Allentown,False,111978.8964
816,Nail Clippers,Nail care,245.34,3.6,1357,810,0.06,1357,11/26/2023,Bonita Springs,False,312950.7972
817,Nail Polish,Nail care,376.82,2.9,3010,435,0.27,1945,6/10/2024,Allentown,False,535027.877
818,Nail File,Nail care,404.75,2.2,4825,555,0.27,1613,11/9/2023,Springfield,False,476589.07749999996
819,Nail File,Nail care,228.9,1.5,1959,577,0.01,86,3/25/2024,Los Angeles,False,19488.546
820,Nail Polish,Nail care,335.02,4.4,1299,698,0.47,1206,9/18/2023,Minneapolis,False,214138.08359999998
821,Nail Clippers,Nail care,387.18,4.9,2831,338,0.17,1532,10/18/2023,San Francisco,False,492322.6008
822,Nail File,Nail care,253.65,1.7,3089,523,0.42,1269,11/3/2023,Bakersfield,False,186691.47300000003
823,Nail Polish,Nail care,202.88,2.9,1797,83,0.43,618,6/21/2023,Reno,True,71466.50880000001
824,Nail Clippers,Nail care,184.49,3.7,142,191,0.41,580,5/20/2024,New Orleans,True,63132.47800000001
825,Nail Polish,Nail care,272.32,3.5,4500,839,0.16,1290,7/20/2023,Bronx,True,295085.952
826,Nail File,Nail care,336.79,2.7,3597,502,0.36,1675,8/23/2023,Harrisburg,True,361038.88
827,Nail Clippers,Nail care,55.43,3.1,4729,912,0.06,957,11/2/2023,Albuquerque,True,49863.7194
828,Cuticle Oil,Nail care,246.31,1.2,2985,396,0.35,1108,11/11/2023,Grand Rapids,True,177392.46200000003
829,Nail Polish,Nail care,485.21,3.9,641,11,0.38,865,9/24/2023,Tulsa,True,260218.123
830,Nail Clippers,Nail care,170.91,2.9,2942,651,0.24,519,10/6/2023,Spokane,False,67413.74040000001
831,Cuticle Oil,Nail care,76.82,3.9,4564,211,0.13,803,6/16/2023,Tulsa,False,53667.220199999996
832,Nail Clippers,Nail care,258.28,4.4,853,660,0.07,477,12/28/2023,El Paso,False,114575.59079999998
833,Nail Clippers,Nail care,462.1,3.0,4505,421,0.42,1724,4/29/2024,Virginia Beach,False,462063.03200000006
834,Nail File,Nail care,174.8,4.7,377,389,0.28,241,8/23/2023,Salt Lake City,False,30331.296000000002
835,Nail Clippers,Nail care,169.06,3.7,69,852,0.14,38,8/28/2023,Queens,True,5524.880800000001
836,Cuticle Oil,Nail care,393.67,4.0,755,351,0.42,1321,9/3/2023,Houston,True,301622.08060000004
837,Nail File,Nail care,257.41,4.1,3865,24,0.06,737,4/16/2024,Philadelphia,True,178328.49980000002
838,Nail Clippers,Nail care,218.23,2.5,2623,454,0.22,1236,9/28/2023,Denver,True,210391.1784
839,Nail File,Nail care,59.28,2.6,595,802,0.43,1020,10/10/2023,Colorado Springs,True,34465.39200000001
840,Nail File,Nail care,172.89,2.3,3964,541,0.18,905,7/5/2023,Ogden,True,128301.66900000001
841,Thongs,Underwear,496.7,4.5,3235,160,0.3,1831,3/15/2024,Pittsburgh,True,636620.39
842,Thongs,Underwear,425.61,3.7,4957,274,0.1,1274,8/7/2023,Raleigh,True,488004.42600000004
843,Thongs,Underwear,165.84,4.7,1927,529,0.46,4,12/13/2023,Charleston,True,358.2144
844,Boxers,Underwear,165.52,1.9,2663,890,0.05,1278,3/28/2024,Reno,False,200957.832
845,Briefs,Underwear,17.85,4.9,2636,484,0.3,1281,2/6/2024,Bronx,False,16006.095000000001
846,Boxers,Underwear,203.1,4.4,253,187,0.4,782,6/7/2024,Columbia,False,95294.51999999999
847,Panties,Underwear,450.63,3.5,654,361,0.24,1798,5/3/2024,Akron,False,615776.8824
848,Thongs,Underwear,341.44,2.2,3823,739,0.38,576,6/1/2024,Oklahoma City,False,121935.0528
849,Thongs,Underwear,312.14,1.2,1244,852,0.23,236,11/6/2023,Atlanta,False,56722.0808
850,Panties,Underwear,112.46,1.5,989,188,0.49,615,7/12/2023,McAllen,False,35273.079
851,Panties,Underwear,20.29,1.1,4452,255,0.44,1755,6/3/2024,Cleveland,False,19941.012000000002
852,Thongs,Underwear,207.49,3.5,4379,311,0.06,481,10/30/2023,Spokane,False,93814.52859999999
853,Boxers,Underwear,228.18,3.0,569,589,0.05,421,7/24/2023,Columbia,False,91260.591
854,Boxers,Underwear,172.76,3.8,1223,100,0.46,1609,12/24/2023,Denver,False,150104.2536
855,Boxers,Underwear,125.44,2.2,220,594,0.12,521,6/8/2024,Indianapolis,False,57511.731199999995
856,Panties,Underwear,324.96,3.9,4310,971,0.12,100,6/3/2024,Charleston,True,28596.479999999996
857,Boxers,Underwear,426.75,4.0,3134,632,0.16,104,9/26/2023,Birmingham,True,37280.88
858,Boxers,Underwear,308.02,2.8,3099,681,0.46,1651,4/4/2024,Columbia,True,274612.1508
859,Briefs,Underwear,242.41,1.7,2415,250,0.03,1954,12/21/2023,Cape Coral,True,459459.0658
860,Briefs,Underwear,340.28,1.1,918,149,0.04,58,7/24/2023,San Francisco,True,18946.790399999998
861,Panties,Underwear,135.64,4.7,3815,246,0.4,1262,12/27/2023,Tucson,True,102706.60799999998
862,Thongs,Underwear,216.16,3.0,3799,688,0.36,1103,12/10/2023,Oklahoma City,True,152591.6672
863,Panties,Underwear,361.51,2.8,4573,925,0.48,1237,7/6/2023,Washington,True,232537.6924
864,Briefs,Underwear,432.85,2.9,587,310,0.02,707,6/27/2023,Baltimore,True,299904.451
865,Thongs,Underwear,109.96,4.3,4020,83,0.03,667,5/27/2024,Grand Rapids,True,71143.0204
866,Boxers,Underwear,206.83,3.0,2084,332,0.33,44,11/19/2023,Brooklyn,True,6097.3484
867,Briefs,Underwear,261.46,3.9,18,364,0.1,1784,2/16/2024,Provo,True,419800.176
868,Thongs,Underwear,194.17,4.3,4150,777,0.23,1320,10/25/2023,Provo,False,197354.38799999998
869,Boxers,Underwear,230.62,2.0,1467,127,0.03,391,12/2/2023,Bonita Springs,False,87467.24740000001
870,Thongs,Underwear,481.09,3.5,4144,776,0.02,1081,12/10/2023,Oakland,False,509657.12419999996
871,Briefs,Underwear,239.18,3.4,2194,483,0.28,1676,7/14/2023,Rochester,False,288623.2896
872,Thongs,Underwear,447.72,2.7,4016,803,0.24,1289,3/9/2024,Columbia,False,438604.4208
873,Briefs,Underwear,455.34,4.1,2266,532,0.47,79,8/5/2023,Salt Lake City,False,19065.0858
874,Briefs,Underwear,259.39,2.8,693,24,0.48,631,9/9/2023,Memphis,False,85111.0468
875,Briefs,Underwear,168.92,4.8,4114,383,0.35,236,9/9/2023,Birmingham,False,25912.328
876,Panties,Underwear,50.46,1.6,4734,236,0.26,54,12/23/2023,Birmingham,False,2016.3816000000002
877,Boxers,Underwear,436.14,2.9,372,972,0.17,200,7/11/2023,Tampa,False,72399.23999999999
878,Boxers,Underwear,407.23,4.8,3189,702,0.31,314,9/10/2023,Washington,False,88230.4518
879,Boxers,Underwear,16.96,2.0,574,573,0.35,1552,7/23/2023,Phoenix,False,17109.248
880,Panties,Underwear,434.92,4.8,1104,550,0.2,428,11/28/2023,San Juan,True,148916.608
881,Oil Filter,Motor vehicle parts,254.18,3.4,1992,195,0.27,13,7/23/2023,Allentown,True,2412.1682
882,Oil Filter,Motor vehicle parts,54.37,3.7,528,797,0.39,1634,9/7/2023,Raleigh,True,54192.7538
883,Brake Pads,Motor vehicle parts,448.91,1.1,3336,270,0.02,1723,11/11/2023,Pittsburgh,True,758002.4914
884,Spark Plugs,Motor vehicle parts,177.61,4.2,3392,724,0.11,640,6/2/2024,Long Beach,True,101166.656
885,Spark Plugs,Motor vehicle parts,80.34,1.7,4198,891,0.26,1903,5/16/2024,Dayton,True,113136.3948
886,Car Battery,Motor vehicle parts,433.08,1.6,988,81,0.43,821,10/2/2023,Denton,True,202668.4476
887,Oil Filter,Motor vehicle parts,192.3,1.4,2440,712,0.12,1278,12/16/2023,Louisville,True,216268.27200000003
888,Spark Plugs,Motor vehicle parts,279.67,3.1,2205,3,0.42,959,11/21/2023,Fresno,True,155558.0474
889,Oil Filter,Motor vehicle parts,267.79,3.8,3350,815,0.37,677,8/6/2023,Virginia Beach,True,114215.11290000001
890,Car Battery,Motor vehicle parts,412.66,1.6,1158,696,0.02,617,1/31/2024,Fresno,False,249518.99560000002
891,Car Battery,Motor vehicle parts,104.21,2.2,4681,462,0.29,121,5/26/2024,Concord,False,8952.6811
892,Car Battery,Motor vehicle parts,208.5,1.0,2042,502,0.25,1697,11/27/2023,Philadelphia,False,265368.375
893,Oil Filter,Motor vehicle parts,302.11,4.0,417,555,0.34,325,12/17/2023,Bridgeport,False,64802.594999999994
894,Brake Pads,Motor vehicle parts,235.56,1.9,2261,853,0.48,1602,7/16/2023,San Jose,False,196230.90240000002
895,Brake Pads,Motor vehicle parts,180.43,3.5,3905,3,0.04,599,5/26/2024,Mesa,False,103754.4672
896,Car Battery,Motor vehicle parts,114.64,2.6,1993,904,0.11,722,9/9/2023,New Haven,False,73665.37120000001
897,Car Battery,Motor vehicle parts,434.45,4.5,4354,323,0.12,1191,12/19/2023,Bronx,False,455338.35599999997
898,Oil Filter,Motor vehicle parts,185.74,2.1,4568,295,0.05,813,7/14/2023,Las Vegas,False,143456.289
899,Brake Pads,Motor vehicle parts,186.24,3.7,1767,240,0.03,769,10/7/2023,Hartford,False,138922.0032
900,Brake Pads,Motor vehicle parts,210.5,2.3,4266,473,0.22,1130,7/25/2023,Dayton,False,185534.7
901,Spark Plugs,Motor vehicle parts,409.89,4.9,3686,550,0.03,1848,12/14/2023,El Paso,False,734752.4184
902,Brake Pads,Motor vehicle parts,308.74,4.7,3957,335,0.28,1570,9/27/2023,Hartford,True,348999.696
903,Car Battery,Motor vehicle parts,173.55,3.3,2886,116,0.28,1897,2/17/2024,Rochester,True,237041.532
904,Oil Filter,Motor vehicle parts,227.87,1.1,4934,65,0.46,446,5/23/2024,Bonita Springs,True,54880.2108
905,Brake Pads,Motor vehicle parts,35.83,2.8,2758,550,0.46,394,7/22/2023,New York,True,7623.190800000001
906,Brake Pads,Motor vehicle parts,159.02,3.5,1189,641,0.45,1875,3/15/2024,San Francisco,True,163989.37500000003
907,Spark Plugs,Motor vehicle parts,325.51,4.3,3748,48,0.32,1813,2/19/2024,San Jose,True,401301.7483999999
908,Spark Plugs,Motor vehicle parts,133.39,4.3,1397,372,0.43,1778,7/28/2023,Queens,True,135185.42940000002
909,Oil Filter,Motor vehicle parts,139.91,2.7,81,86,0.08,821,6/20/2023,Providence,False,105676.82119999999
910,Spark Plugs,Motor vehicle parts,249.39,3.1,1932,680,0.13,1860,3/12/2024,Tulsa,False,403562.8979999999
911,Brake Pads,Motor vehicle parts,73.25,4.0,3933,313,0.31,1945,2/5/2024,Buffalo,False,98305.16249999999
912,Spark Plugs,Motor vehicle parts,76.47,2.0,2597,452,0.47,737,4/20/2024,Harrisburg,False,29869.9467
913,Spark Plugs,Motor vehicle parts,232.42,3.0,1928,575,0.14,636,12/16/2023,Springfield,False,127124.44319999998
914,Spark Plugs,Motor vehicle parts,498.86,2.1,4124,371,0.33,1893,11/22/2023,Salt Lake City,True,632709.1266
915,Spark Plugs,Motor vehicle parts,119.27,2.6,1125,45,0.01,1187,2/22/2024,Houston,True,140157.75509999998
916,Oil Filter,Motor vehicle parts,440.87,3.1,3362,670,0.13,896,9/5/2023,Kansas City,True,343666.9824
917,Spark Plugs,Motor vehicle parts,225.17,1.2,1074,897,0.41,491,4/4/2024,Raleigh,True,65229.4973
918,Brake Pads,Motor vehicle parts,219.18,2.9,4284,414,0.32,1099,12/31/2023,Charlotte,True,163797.59759999998
919,Oil Filter,Motor vehicle parts,466.42,2.4,3055,688,0.49,1412,11/7/2023,Harrisburg,True,335878.3704
920,Brake Pads,Motor vehicle parts,377.28,3.8,2302,235,0.03,1284,10/2/2023,San Diego,True,469894.6944
921,Charger,Mobile phone accessories,331.2,1.2,258,947,0.36,524,11/17/2023,Provo,True,111071.23199999999
922,Charger,Mobile phone accessories,252.05,4.5,2202,677,0.25,1853,6/20/2023,Sacramento,True,350286.48750000005
923,Screen Protector,Mobile phone accessories,469.45,2.4,4724,198,0.1,532,11/25/2023,Phoenix,False,224772.66
924,Charger,Mobile phone accessories,319.21,1.1,4343,787,0.26,1325,5/12/2024,St. Louis,False,312985.40499999997
925,Screen Protector,Mobile phone accessories,177.77,3.2,3342,605,0.38,1820,3/24/2024,Oklahoma City,False,200595.66800000003
926,Earbuds,Mobile phone accessories,102.23,1.7,838,406,0.2,1116,7/12/2023,St. Louis,False,91270.944
927,Screen Protector,Mobile phone accessories,34.01,3.3,4468,224,0.27,1272,3/13/2024,New York,False,31580.325599999996
928,Earbuds,Mobile phone accessories,483.61,2.8,1840,938,0.42,839,11/10/2023,Richmond,False,235334.29820000002
929,Phone Case,Mobile phone accessories,340.86,1.8,4771,872,0.06,1837,7/26/2023,Provo,False,588590.2307999999
930,Phone Case,Mobile phone accessories,382.03,3.5,3497,947,0.17,1148,4/6/2024,Portland,False,364013.4651999999
931,Screen Protector,Mobile phone accessories,293.59,3.5,1601,825,0.35,1622,6/10/2024,Pittsburgh,False,309531.937
932,Earbuds,Mobile phone accessories,339.69,3.0,4631,367,0.15,1984,11/16/2023,Concord,False,572853.216
933,Charger,Mobile phone accessories,479.41,1.1,3549,104,0.08,45,8/6/2023,Fort Worth,False,19847.574
934,Charger,Mobile phone accessories,116.69,3.5,1836,921,0.24,535,5/8/2024,Manhattan,False,47446.153999999995
935,Earbuds,Mobile phone accessories,255.3,4.6,2063,570,0.32,1973,11/18/2023,Boise,True,342520.692
936,Earbuds,Mobile phone accessories,291.23,2.4,2752,846,0.25,1603,8/18/2023,Little Rock,True,350131.2675
937,Phone Case,Mobile phone accessories,208.68,4.9,1505,102,0.45,177,11/10/2023,Bronx,True,20314.998000000003
938,Charger,Mobile phone accessories,133.64,4.7,2096,537,0.1,175,3/25/2024,St. Louis,True,21048.3
939,Screen Protector,Mobile phone accessories,454.42,1.7,1667,275,0.23,675,8/29/2023,San Diego,True,236184.795
940,Earbuds,Mobile phone accessories,265.23,2.9,546,111,0.41,35,11/8/2023,New York,True,5476.999500000002
941,Earbuds,Mobile phone accessories,217.24,4.2,4402,533,0.23,1132,6/21/2023,Kansas City,True,189355.0736
942,Phone Case,Mobile phone accessories,277.04,1.3,2739,180,0.08,1487,12/26/2023,Denver,True,379001.80160000006
943,Screen Protector,Mobile phone accessories,273.27,3.7,2431,811,0.31,38,9/1/2023,Louisville,True,7165.139399999998
944,Screen Protector,Mobile phone accessories,94.38,2.7,4766,242,0.42,1997,4/24/2024,Bonita Springs,True,109316.5788
945,Phone Case,Mobile phone accessories,99.88,1.0,4025,870,0.07,946,6/10/2024,Miami,True,87872.4264
946,Charger,Mobile phone accessories,119.57,4.4,3665,655,0.22,540,9/16/2023,Dallas,True,50362.884
947,Charger,Mobile phone accessories,48.37,3.3,505,105,0.22,1194,7/11/2023,Tucson,False,45047.9484
948,Phone Case,Mobile phone accessories,438.62,3.9,4067,99,0.44,1597,12/10/2023,Manhattan,False,392266.63840000005
949,Phone Case,Mobile phone accessories,320.26,3.9,4727,681,0.01,1884,9/26/2023,Oakland,False,597336.1416
950,Screen Protector,Mobile phone accessories,234.29,1.4,3302,719,0.47,1922,2/19/2024,Houston,False,238661.85139999999
951,Screen Protector,Mobile phone accessories,95.24,1.2,4969,721,0.46,1555,4/15/2024,Virginia Beach,False,79973.028
952,Earbuds,Mobile phone accessories,499.68,1.8,886,461,0.34,1075,8/24/2023,Tampa,False,354522.95999999996
953,Earbuds,Mobile phone accessories,256.41,4.2,926,556,0.48,1055,8/28/2023,Madison,False,140666.526
954,Screen Protector,Mobile phone accessories,265.65,1.9,1052,642,0.1,252,8/31/2023,Fresno,False,60249.42
955,Phone Case,Mobile phone accessories,177.69,4.9,4525,579,0.21,1164,10/25/2023,Atlanta,False,163396.6164
956,Earbuds,Mobile phone accessories,77.49,1.2,1468,757,0.03,575,5/12/2024,Provo,False,43220.04749999999
957,Earbuds,Mobile phone accessories,395.39,2.0,1645,580,0.22,811,7/18/2023,Mesa,False,250115.8062
958,Earbuds,Mobile phone accessories,492.03,2.4,3142,766,0.18,1590,7/25/2023,Boston,False,641508.714
959,Phone Case,Mobile phone accessories,26.86,3.5,810,187,0.3,809,11/21/2023,Concord,False,15210.818
960,Phone Case,Mobile phone accessories,360.33,2.0,2705,596,0.31,947,4/27/2024,Orlando,False,235450.43189999997
961,Throw Blanket,Blankets,438.03,1.9,3697,490,0.37,891,5/13/2024,Bakersfield,False,245879.37989999997
962,Throw Blanket,Blankets,442.17,4.8,4376,274,0.2,718,7/20/2023,Raleigh,False,253982.44800000003
963,Electric Blanket,Blankets,14.22,1.1,2073,26,0.23,1919,12/25/2023,Jacksonville,False,21011.8986
964,Fleece Blanket,Blankets,217.12,3.9,4324,978,0.13,527,9/7/2023,Houston,False,99547.34879999999
965,Electric Blanket,Blankets,298.33,1.8,2153,731,0.03,1712,9/4/2023,Madison,False,495418.7311999999
966,Fleece Blanket,Blankets,136.57,4.5,2720,618,0.22,1770,5/25/2024,Rochester,False,188548.542
967,Weighted Blanket,Blankets,37.31,4.6,3788,550,0.25,1711,10/15/2023,Staten Island,False,47878.0575
968,Weighted Blanket,Blankets,152.59,4.5,677,105,0.36,1946,4/1/2024,Atlanta,True,190041.6896
969,Throw Blanket,Blankets,104.23,2.9,3257,69,0.42,1269,9/24/2023,Phoenix,True,76715.36460000002
970,Weighted Blanket,Blankets,271.2,3.5,1301,562,0.06,454,2/29/2024,Cincinnati,True,115737.31199999999
971,Weighted Blanket,Blankets,465.67,2.8,1417,500,0.15,1544,3/25/2024,Ogden,True,611145.308
972,Throw Blanket,Blankets,209.1,4.7,1209,33,0.06,130,2/13/2024,San Jose,True,25552.019999999997
973,Electric Blanket,Blankets,336.54,2.1,2544,402,0.05,614,7/19/2023,Tampa,True,196303.782
974,Throw Blanket,Blankets,481.48,4.9,120,605,0.24,128,3/13/2024,Portland,True,46838.3744
975,Throw Blanket,Blankets,311.1,4.6,332,296,0.17,1196,11/17/2023,Pittsburgh,True,308822.748
976,Throw Blanket,Blankets,118.14,3.1,4234,502,0.4,28,1/21/2024,Phoenix,True,1984.752
977,Throw Blanket,Blankets,111.33,4.7,1865,944,0.48,63,10/13/2023,San Jose,True,3647.1708000000003
978,Weighted Blanket,Blankets,141.74,5.0,1906,231,0.07,1218,7/14/2023,Birmingham,False,160554.56759999998
979,Throw Blanket,Blankets,311.98,1.2,3985,392,0.31,1172,10/7/2023,Staten Island,False,252291.9864
980,Fleece Blanket,Blankets,206.17,4.8,4293,555,0.24,1452,5/26/2024,Pittsburgh,False,227512.7184
981,Electric Blanket,Blankets,347.7,2.4,4994,75,0.41,961,10/8/2023,Sacramento,False,197142.42300000004
982,Weighted Blanket,Blankets,404.51,4.4,392,84,0.48,610,7/1/2023,Harrisburg,False,128310.572
983,Fleece Blanket,Blankets,194.73,4.9,3677,173,0.01,219,5/12/2024,Bakersfield,False,42219.41129999999
984,Electric Blanket,Blankets,80.1,1.1,616,538,0.47,870,3/3/2024,Miami,False,36934.10999999999
985,Fleece Blanket,Blankets,177.42,4.8,340,860,0.36,1340,5/5/2024,Oakland,True,152155.392
986,Throw Blanket,Blankets,345.37,3.0,2975,25,0.24,1346,10/31/2023,Bakersfield,True,353299.6952
987,Fleece Blanket,Blankets,94.47,4.5,3979,559,0.08,370,8/26/2023,Indianapolis,True,32157.588000000003
988,Throw Blanket,Blankets,383.64,3.3,1228,696,0.4,386,8/8/2023,Ogden,True,88851.024
989,Throw Blanket,Blankets,255.92,2.8,1781,160,0.07,1969,11/13/2023,Boston,True,468633.0263999999
990,Throw Blanket,Blankets,409.36,2.0,550,600,0.05,991,10/2/2023,Richmond,True,385391.972
991,Throw Blanket,Blankets,48.75,2.8,2737,588,0.48,991,5/28/2024,Ogden,True,25121.850000000002
992,Throw Blanket,Blankets,57.35,2.1,4264,329,0.44,1328,1/18/2024,Richmond,True,42650.04800000001
993,Electric Blanket,Blankets,214.76,1.2,527,226,0.08,1564,1/13/2024,Akron,True,309013.8688
994,Fleece Blanket,Blankets,61.84,3.0,1176,788,0.47,56,12/9/2023,Long Beach,True,1835.4112000000002
995,Weighted Blanket,Blankets,269.34,3.3,2513,662,0.17,800,10/25/2023,San Antonio,True,178841.75999999998
996,Throw Blanket,Blankets,207.72,2.3,1973,16,0.46,325,2/13/2024,Baton Rouge,True,36454.86
997,Fleece Blanket,Blankets,268.6,3.2,841,201,0.39,1546,7/1/2023,Worcester,True,253305.916
998,Throw Blanket,Blankets,92.74,2.8,3454,880,0.02,1295,10/29/2023,Raleigh,False,117696.334
999,Weighted Blanket,Blankets,152.28,1.3,2850,752,0.34,1962,10/28/2023,Nashville,False,197190.4176
1000,Throw Blanket,Blankets,136.53,2.0,4055,282,0.38,1089,1/27/2024,San Francisco,False,92182.3254
